{
  "type": "FeatureCollection",
  "generator": "overpass-turbo",
  "copyright": "The data included in this document is from www.openstreetmap.org. The data is made available under ODbL.",
  "timestamp": "2026-08-25T02:51:36Z",
  "features": [
    {
      "type": "Feature",
      "properties": {
        "@id": "way/21484265",
        "highway": "track",
        "tiger:cfcc": "A41",
        "tiger:county": "Green Lake, WI",
        "tiger:reviewed": "no"
      },
      "geometry": {
        "type": "LineString",
        "coordinates": [
          [
            -89.0260211,
            43.8257762
          ],
          [
            -89.0262782,
            43.8267808
          ],
          [
            -89.0263731,
            43.8268549
          ],
          [
            -89.0266024,
            43.8268492
          ],
          [
            -89.0271007,
            43.8268207
          ]
        ]
      },
      "id": "way/21484265"
    },
    {
      "type": "Feature",
      "properties": {
        "@id": "way/21485267",
        "highway": "residential",
        "oneway": "yes",
        "tiger:cfcc": "A41",
        "tiger:county": "Green Lake, WI",
        "tiger:reviewed": "no"
      },
      "geometry": {
        "type": "LineString",
        "coordinates": [
          [
            -89.025238,
            43.81602
          ],
          [
            -89.025336,
            43.81583
          ],
          [
            -89.025267,
            43.815231
          ]
        ]
      },
      "id": "way/21485267"
    },
    {
      "type": "Feature",
      "properties": {
        "@id": "way/21485673",
        "highway": "residential",
        "name": "Crescent Drive",
        "tiger:cfcc": "A41",
        "tiger:county": "Green Lake, WI",
        "tiger:name_base": "Crescent",
        "tiger:name_type": "Dr",
        "tiger:reviewed": "no",
        "tiger:zip_left": "54941",
        "tiger:zip_right": "54941"
      },
      "geometry": {
        "type": "LineString",
        "coordinates": [
          [
            -89.0181254,
            43.8166301
          ],
          [
            -89.0185617,
            43.8166188
          ],
          [
            -89.018839,
            43.8166118
          ],
          [
            -89.0190827,
            43.8165928
          ],
          [
            -89.0193083,
            43.8165408
          ],
          [
            -89.019818,
            43.8164806
          ],
          [
            -89.0201993,
            43.8164356
          ],
          [
            -89.0206571,
            43.8163947
          ],
          [
            -89.0207308,
            43.8163739
          ],
          [
            -89.020765,
            43.816342
          ]
        ]
      },
      "id": "way/21485673"
    },
    {
      "type": "Feature",
      "properties": {
        "@id": "way/21486653",
        "highway": "residential",
        "name": "Cliff Road",
        "tiger:cfcc": "A41",
        "tiger:county": "Green Lake, WI",
        "tiger:name_base": "Cliff",
        "tiger:name_type": "Rd",
        "tiger:reviewed": "no",
        "tiger:zip_left": "54941",
        "tiger:zip_right": "54941"
      },
      "geometry": {
        "type": "LineString",
        "coordinates": [
          [
            -89.014859,
            43.820144
          ],
          [
            -89.014154,
            43.820399
          ],
          [
            -89.013873,
            43.820628
          ],
          [
            -89.013658,
            43.821085
          ],
          [
            -89.012664,
            43.822091
          ],
          [
            -89.011614,
            43.823806
          ],
          [
            -89.01137,
            43.8244
          ],
          [
            -89.0110709,
            43.8246382
          ],
          [
            -89.010653,
            43.824971
          ]
        ]
      },
      "id": "way/21486653"
    },
    {
      "type": "Feature",
      "properties": {
        "@id": "way/21486862",
        "highway": "residential",
        "name": "Sunset Road",
        "tiger:cfcc": "A41",
        "tiger:county": "Green Lake, WI",
        "tiger:name_base": "Sunset",
        "tiger:name_type": "Rd",
        "tiger:reviewed": "no",
        "tiger:zip_left": "54941",
        "tiger:zip_right": "54941"
      },
      "geometry": {
        "type": "LineString",
        "coordinates": [
          [
            -89.0154103,
            43.8192639
          ],
          [
            -89.0156972,
            43.8191906
          ],
          [
            -89.0160285,
            43.8191014
          ],
          [
            -89.0162096,
            43.8190239
          ],
          [
            -89.016533,
            43.8190166
          ],
          [
            -89.0168105,
            43.8190408
          ],
          [
            -89.0172214,
            43.8190312
          ],
          [
            -89.0172877,
            43.8190312
          ],
          [
            -89.0173274,
            43.8190248
          ],
          [
            -89.0175881,
            43.8189802
          ],
          [
            -89.0180343,
            43.8189037
          ],
          [
            -89.0181448,
            43.8188782
          ],
          [
            -89.018318,
            43.818837
          ],
          [
            -89.018614,
            43.818726
          ],
          [
            -89.018819,
            43.81863
          ],
          [
            -89.0188815,
            43.8185997
          ]
        ]
      },
      "id": "way/21486862"
    },
    {
      "type": "Feature",
      "properties": {
        "@id": "way/21486864",
        "highway": "residential",
        "name": "Sunset Road",
        "tiger:cfcc": "A41",
        "tiger:county": "Green Lake, WI",
        "tiger:name_base": "Sunset",
        "tiger:name_type": "Rd",
        "tiger:reviewed": "no"
      },
      "geometry": {
        "type": "LineString",
        "coordinates": [
          [
            -89.01585,
            43.818852
          ],
          [
            -89.0158877,
            43.8188807
          ],
          [
            -89.0159655,
            43.8189194
          ],
          [
            -89.0160915,
            43.8189813
          ],
          [
            -89.0162096,
            43.8190239
          ]
        ]
      },
      "id": "way/21486864"
    },
    {
      "type": "Feature",
      "properties": {
        "@id": "way/21486978",
        "highway": "residential",
        "name": "Stone Fence Road",
        "tiger:cfcc": "A41",
        "tiger:county": "Green Lake, WI",
        "tiger:name_base": "Stone Fence",
        "tiger:name_type": "Rd",
        "tiger:reviewed": "no"
      },
      "geometry": {
        "type": "LineString",
        "coordinates": [
          [
            -89.020424,
            43.821354
          ],
          [
            -89.02088,
            43.821713
          ],
          [
            -89.021071,
            43.821848
          ],
          [
            -89.021173,
            43.821936
          ],
          [
            -89.021239,
            43.821987
          ],
          [
            -89.021284,
            43.822064
          ],
          [
            -89.0212959,
            43.8221167
          ],
          [
            -89.0213,
            43.822135
          ],
          [
            -89.021296,
            43.822171
          ],
          [
            -89.021265,
            43.822265
          ],
          [
            -89.021238,
            43.822309
          ],
          [
            -89.021194,
            43.822357
          ],
          [
            -89.021074,
            43.822438
          ],
          [
            -89.021015,
            43.822466
          ],
          [
            -89.020625,
            43.822613
          ],
          [
            -89.020478,
            43.822644
          ],
          [
            -89.020418,
            43.822648
          ],
          [
            -89.020211,
            43.822637
          ]
        ]
      },
      "id": "way/21486978"
    },
    {
      "type": "Feature",
      "properties": {
        "@id": "way/21486988",
        "highway": "residential",
        "name": "Stone Fence Road",
        "tiger:cfcc": "A41",
        "tiger:county": "Green Lake, WI",
        "tiger:name_base": "Stone Fence",
        "tiger:name_type": "Rd",
        "tiger:reviewed": "no",
        "tiger:zip_left": "54941",
        "tiger:zip_right": "54941"
      },
      "geometry": {
        "type": "LineString",
        "coordinates": [
          [
            -89.021807,
            43.824002
          ],
          [
            -89.021724,
            43.823968
          ],
          [
            -89.02151,
            43.823915
          ],
          [
            -89.021466,
            43.823899
          ],
          [
            -89.020998,
            43.823765
          ],
          [
            -89.0209039,
            43.82373
          ],
          [
            -89.020808,
            43.823689
          ],
          [
            -89.020612,
            43.823562
          ],
          [
            -89.020454,
            43.823418
          ],
          [
            -89.020416,
            43.823376
          ],
          [
            -89.020325,
            43.823257
          ],
          [
            -89.020245,
            43.823075
          ],
          [
            -89.020233,
            43.823032
          ],
          [
            -89.020209,
            43.822769
          ],
          [
            -89.020211,
            43.822637
          ],
          [
            -89.020225,
            43.822124
          ],
          [
            -89.02025,
            43.821879
          ],
          [
            -89.020313,
            43.821598
          ],
          [
            -89.020424,
            43.821354
          ],
          [
            -89.020435,
            43.821287
          ],
          [
            -89.020438,
            43.821104
          ],
          [
            -89.020421,
            43.820994
          ],
          [
            -89.0203849,
            43.8208078
          ],
          [
            -89.020318,
            43.820462
          ],
          [
            -89.020202,
            43.81995
          ],
          [
            -89.020043,
            43.819519
          ],
          [
            -89.019994,
            43.819418
          ],
          [
            -89.019952,
            43.819363
          ],
          [
            -89.019843,
            43.819269
          ],
          [
            -89.019653,
            43.819135
          ],
          [
            -89.019485,
            43.819032
          ],
          [
            -89.019271,
            43.81892
          ],
          [
            -89.019212,
            43.818893
          ],
          [
            -89.019057,
            43.818835
          ],
          [
            -89.018784,
            43.818774
          ],
          [
            -89.018614,
            43.818726
          ]
        ]
      },
      "id": "way/21486988"
    },
    {
      "type": "Feature",
      "properties": {
        "@id": "way/21487193",
        "highway": "residential",
        "name": "Lawson Drive",
        "tiger:cfcc": "A41",
        "tiger:county": "Green Lake, WI",
        "tiger:name_base": "Lawson",
        "tiger:name_type": "Dr",
        "tiger:reviewed": "no"
      },
      "geometry": {
        "type": "LineString",
        "coordinates": [
          [
            -89.0169365,
            43.8153093
          ],
          [
            -89.0168909,
            43.8153281
          ],
          [
            -89.0168318,
            43.8153592
          ],
          [
            -89.0167383,
            43.8154083
          ],
          [
            -89.0166097,
            43.8154729
          ],
          [
            -89.0165157,
            43.8155202
          ],
          [
            -89.0163865,
            43.815588
          ],
          [
            -89.0163133,
            43.8156394
          ],
          [
            -89.0162402,
            43.815695
          ],
          [
            -89.0161986,
            43.8157321
          ],
          [
            -89.0161753,
            43.8157634
          ],
          [
            -89.0161789,
            43.8157977
          ],
          [
            -89.0161907,
            43.8158277
          ],
          [
            -89.016246,
            43.8158834
          ],
          [
            -89.0163396,
            43.8159826
          ],
          [
            -89.0164702,
            43.8161209
          ],
          [
            -89.0164914,
            43.8161612
          ],
          [
            -89.016529,
            43.8162327
          ],
          [
            -89.0165396,
            43.816529
          ],
          [
            -89.0165114,
            43.8167539
          ],
          [
            -89.0164623,
            43.8171458
          ],
          [
            -89.016455,
            43.817204
          ],
          [
            -89.016458,
            43.817743
          ],
          [
            -89.016452,
            43.8178324
          ],
          [
            -89.0164392,
            43.8179096
          ],
          [
            -89.0164068,
            43.8179962
          ],
          [
            -89.0163647,
            43.8180922
          ],
          [
            -89.0163063,
            43.8182023
          ],
          [
            -89.0161132,
            43.8184975
          ],
          [
            -89.015894,
            43.818802
          ],
          [
            -89.01585,
            43.818852
          ],
          [
            -89.0156651,
            43.8190607
          ],
          [
            -89.015488,
            43.8192136
          ],
          [
            -89.0154103,
            43.8192639
          ],
          [
            -89.014988,
            43.819469
          ],
          [
            -89.0148811,
            43.8195193
          ],
          [
            -89.014667,
            43.81962
          ],
          [
            -89.01435,
            43.819781
          ],
          [
            -89.013909,
            43.820021
          ],
          [
            -89.013434,
            43.820273
          ],
          [
            -89.012853,
            43.820573
          ],
          [
            -89.012257,
            43.820873
          ],
          [
            -89.012212,
            43.820912
          ],
          [
            -89.011995,
            43.821096
          ],
          [
            -89.011697,
            43.821375
          ],
          [
            -89.011432,
            43.821713
          ],
          [
            -89.011248,
            43.822019
          ],
          [
            -89.011109,
            43.822305
          ],
          [
            -89.011085,
            43.822367
          ],
          [
            -89.0109845,
            43.8226202
          ],
          [
            -89.0109377,
            43.8227572
          ],
          [
            -89.010812,
            43.823129
          ],
          [
            -89.010692,
            43.823657
          ],
          [
            -89.010631,
            43.824046
          ],
          [
            -89.010622,
            43.824388
          ],
          [
            -89.010645,
            43.824737
          ],
          [
            -89.010653,
            43.824971
          ],
          [
            -89.010661,
            43.825182
          ],
          [
            -89.01063,
            43.825369
          ],
          [
            -89.010606,
            43.825435
          ],
          [
            -89.010578,
            43.825486
          ],
          [
            -89.010392,
            43.825914
          ],
          [
            -89.010237,
            43.826135
          ],
          [
            -89.009972,
            43.826391
          ],
          [
            -89.0099304,
            43.8265201
          ],
          [
            -89.0100938,
            43.8268165
          ],
          [
            -89.0106461,
            43.827556
          ],
          [
            -89.0107831,
            43.8277504
          ],
          [
            -89.0110084,
            43.8279608
          ],
          [
            -89.0113984,
            43.8282204
          ],
          [
            -89.0114238,
            43.8282391
          ],
          [
            -89.0117825,
            43.8284561
          ],
          [
            -89.0118551,
            43.8285005
          ],
          [
            -89.0119046,
            43.8285402
          ],
          [
            -89.011931,
            43.8285885
          ]
        ]
      },
      "id": "way/21487193"
    },
    {
      "type": "Feature",
      "properties": {
        "@id": "way/21487280",
        "highway": "residential",
        "name": "Hillside Road",
        "tiger:cfcc": "A41",
        "tiger:county": "Green Lake, WI",
        "tiger:name_base": "Hillside",
        "tiger:name_type": "Rd",
        "tiger:reviewed": "no",
        "tiger:zip_left": "54941",
        "tiger:zip_right": "54941"
      },
      "geometry": {
        "type": "LineString",
        "coordinates": [
          [
            -89.0169365,
            43.8153093
          ],
          [
            -89.0170147,
            43.8152723
          ],
          [
            -89.0170407,
            43.81526
          ],
          [
            -89.0171149,
            43.8152405
          ],
          [
            -89.0172077,
            43.8152194
          ],
          [
            -89.0173315,
            43.8151982
          ],
          [
            -89.0173732,
            43.8151959
          ],
          [
            -89.0174797,
            43.81519
          ],
          [
            -89.0178849,
            43.8152374
          ],
          [
            -89.0179458,
            43.8152445
          ],
          [
            -89.0181326,
            43.8152664
          ],
          [
            -89.0184903,
            43.8153069
          ],
          [
            -89.0186309,
            43.8153228
          ],
          [
            -89.018832,
            43.815343
          ],
          [
            -89.0191255,
            43.8153533
          ],
          [
            -89.019232,
            43.815357
          ],
          [
            -89.0194969,
            43.8153436
          ]
        ]
      },
      "id": "way/21487280"
    },
    {
      "type": "Feature",
      "properties": {
        "@id": "way/21487663",
        "highway": "residential",
        "name": "Hillside Road",
        "tiger:cfcc": "A41",
        "tiger:county": "Green Lake, WI",
        "tiger:name_base": "Hillside",
        "tiger:name_type": "Ct",
        "tiger:reviewed": "no"
      },
      "geometry": {
        "type": "LineString",
        "coordinates": [
          [
            -89.026507,
            43.817047
          ],
          [
            -89.026664,
            43.81708
          ],
          [
            -89.027045,
            43.817121
          ],
          [
            -89.027154,
            43.817119
          ],
          [
            -89.0273573,
            43.8171031
          ],
          [
            -89.027423,
            43.817098
          ],
          [
            -89.02772,
            43.817057
          ],
          [
            -89.027949,
            43.817016
          ],
          [
            -89.028128,
            43.816978
          ],
          [
            -89.02828,
            43.816956
          ],
          [
            -89.028454,
            43.816946
          ],
          [
            -89.028807,
            43.81695
          ],
          [
            -89.029181,
            43.816971
          ],
          [
            -89.029441,
            43.816997
          ],
          [
            -89.029766,
            43.81701
          ],
          [
            -89.030286,
            43.816962
          ],
          [
            -89.030815,
            43.816899
          ],
          [
            -89.0313476,
            43.816845
          ],
          [
            -89.031417,
            43.816838
          ],
          [
            -89.032054,
            43.8167568
          ],
          [
            -89.032499,
            43.8167
          ]
        ]
      },
      "id": "way/21487663"
    },
    {
      "type": "Feature",
      "properties": {
        "@id": "way/21489871",
        "highway": "residential",
        "name": "Log Cabin Road",
        "tiger:cfcc": "A41",
        "tiger:county": "Green Lake, WI",
        "tiger:name_base": "Log Cabin",
        "tiger:name_type": "Rd",
        "tiger:reviewed": "no",
        "tiger:zip_left": "54941",
        "tiger:zip_right": "54941"
      },
      "geometry": {
        "type": "LineString",
        "coordinates": [
          [
            -89.0342334,
            43.8166754
          ],
          [
            -89.034051,
            43.8167835
          ],
          [
            -89.0336667,
            43.8169762
          ],
          [
            -89.033036,
            43.81729
          ],
          [
            -89.032834,
            43.817424
          ],
          [
            -89.032508,
            43.81758
          ],
          [
            -89.032419,
            43.817611
          ],
          [
            -89.032138,
            43.817692
          ],
          [
            -89.032037,
            43.817731
          ],
          [
            -89.031952,
            43.817779
          ],
          [
            -89.0319,
            43.81782
          ],
          [
            -89.03186,
            43.817869
          ],
          [
            -89.031829,
            43.817931
          ],
          [
            -89.031811,
            43.817981
          ],
          [
            -89.031797,
            43.818043
          ],
          [
            -89.031791,
            43.8181
          ],
          [
            -89.031791,
            43.81813
          ],
          [
            -89.031791,
            43.818197
          ],
          [
            -89.0318047,
            43.8183225
          ],
          [
            -89.031814,
            43.818407
          ],
          [
            -89.031862,
            43.818622
          ],
          [
            -89.031876,
            43.818832
          ],
          [
            -89.031869,
            43.819048
          ],
          [
            -89.031849,
            43.819128
          ],
          [
            -89.031825,
            43.819192
          ],
          [
            -89.031722,
            43.819365
          ],
          [
            -89.0315686,
            43.8195935
          ],
          [
            -89.031442,
            43.819782
          ],
          [
            -89.031111,
            43.820206
          ],
          [
            -89.031076,
            43.820258
          ],
          [
            -89.030978,
            43.820473
          ],
          [
            -89.0309629,
            43.8205377
          ],
          [
            -89.030937,
            43.820715
          ],
          [
            -89.030923,
            43.821107
          ],
          [
            -89.030945,
            43.821546
          ],
          [
            -89.030961,
            43.821769
          ],
          [
            -89.0309616,
            43.8218736
          ],
          [
            -89.030964,
            43.822256
          ],
          [
            -89.03098,
            43.822352
          ],
          [
            -89.031024,
            43.82279
          ],
          [
            -89.031043,
            43.823029
          ],
          [
            -89.0310626,
            43.8231608
          ],
          [
            -89.031088,
            43.823331
          ],
          [
            -89.031069,
            43.823702
          ],
          [
            -89.031056,
            43.823964
          ],
          [
            -89.031034,
            43.824124
          ],
          [
            -89.031014,
            43.824223
          ],
          [
            -89.030982,
            43.824315
          ],
          [
            -89.030885,
            43.824491
          ],
          [
            -89.030806,
            43.824594
          ],
          [
            -89.030636,
            43.824781
          ],
          [
            -89.030559,
            43.824837
          ],
          [
            -89.030509,
            43.824864
          ],
          [
            -89.030208,
            43.824973
          ],
          [
            -89.029687,
            43.825082
          ],
          [
            -89.029444,
            43.825129
          ],
          [
            -89.029328,
            43.825138
          ],
          [
            -89.029224,
            43.825137
          ],
          [
            -89.029106,
            43.825122
          ],
          [
            -89.028877,
            43.825038
          ],
          [
            -89.028641,
            43.824939
          ],
          [
            -89.028539,
            43.82493
          ],
          [
            -89.028288,
            43.824918
          ],
          [
            -89.028013,
            43.8249
          ],
          [
            -89.027812,
            43.824879
          ],
          [
            -89.027498,
            43.824806
          ],
          [
            -89.027435,
            43.824792
          ],
          [
            -89.0267145,
            43.8245594
          ],
          [
            -89.026583,
            43.824517
          ],
          [
            -89.025928,
            43.824335
          ],
          [
            -89.025227,
            43.824179
          ],
          [
            -89.024507,
            43.824051
          ],
          [
            -89.0244276,
            43.8240405
          ],
          [
            -89.02388,
            43.823968
          ],
          [
            -89.0236392,
            43.8239638
          ],
          [
            -89.023539,
            43.823962
          ],
          [
            -89.022973,
            43.82403
          ],
          [
            -89.022769,
            43.824072
          ],
          [
            -89.022672,
            43.824088
          ],
          [
            -89.0223971,
            43.8240657
          ],
          [
            -89.02224,
            43.824053
          ],
          [
            -89.021948,
            43.824007
          ],
          [
            -89.021807,
            43.824002
          ]
        ]
      },
      "id": "way/21489871"
    },
    {
      "type": "Feature",
      "properties": {
        "@id": "way/21489911",
        "highway": "residential",
        "name": "Prospect Road",
        "tiger:cfcc": "A41",
        "tiger:county": "Green Lake, WI",
        "tiger:name_base": "Prospect",
        "tiger:name_type": "Rd",
        "tiger:reviewed": "no",
        "tiger:zip_left": "54941",
        "tiger:zip_right": "54941"
      },
      "geometry": {
        "type": "LineString",
        "coordinates": [
          [
            -89.0119046,
            43.8285402
          ],
          [
            -89.0119282,
            43.8285106
          ],
          [
            -89.0120013,
            43.8284188
          ],
          [
            -89.0119478,
            43.8283675
          ],
          [
            -89.0118939,
            43.8282947
          ],
          [
            -89.0118539,
            43.8282165
          ],
          [
            -89.0118365,
            43.8281382
          ],
          [
            -89.0118413,
            43.8279788
          ],
          [
            -89.011847,
            43.827914
          ],
          [
            -89.011954,
            43.827662
          ],
          [
            -89.0120048,
            43.8275978
          ],
          [
            -89.012151,
            43.827413
          ],
          [
            -89.012527,
            43.827109
          ],
          [
            -89.013138,
            43.826715
          ],
          [
            -89.013608,
            43.826361
          ],
          [
            -89.013657,
            43.826309
          ],
          [
            -89.013875,
            43.82592
          ],
          [
            -89.014075,
            43.825409
          ],
          [
            -89.014114,
            43.825327
          ],
          [
            -89.014164,
            43.825253
          ],
          [
            -89.014229,
            43.82518
          ],
          [
            -89.014311,
            43.82511
          ],
          [
            -89.014478,
            43.824989
          ],
          [
            -89.014816,
            43.824789
          ],
          [
            -89.014905,
            43.824746
          ],
          [
            -89.015115,
            43.824623
          ],
          [
            -89.015194,
            43.824558
          ],
          [
            -89.015335,
            43.824419
          ],
          [
            -89.015378,
            43.824362
          ],
          [
            -89.0154401,
            43.8242568
          ],
          [
            -89.01545,
            43.82424
          ],
          [
            -89.015523,
            43.824069
          ],
          [
            -89.015599,
            43.82386
          ],
          [
            -89.015657,
            43.823638
          ],
          [
            -89.015702,
            43.823405
          ],
          [
            -89.015728,
            43.823183
          ],
          [
            -89.015775,
            43.823041
          ],
          [
            -89.015817,
            43.823009
          ],
          [
            -89.015897,
            43.822968
          ],
          [
            -89.016249,
            43.822713
          ],
          [
            -89.016656,
            43.822533
          ],
          [
            -89.017161,
            43.822319
          ],
          [
            -89.0173923,
            43.8222403
          ],
          [
            -89.018401,
            43.821897
          ],
          [
            -89.018466,
            43.82187
          ],
          [
            -89.018551,
            43.821823
          ],
          [
            -89.018805,
            43.821651
          ],
          [
            -89.018934,
            43.821514
          ],
          [
            -89.019077,
            43.821297
          ],
          [
            -89.019099,
            43.821242
          ],
          [
            -89.019122,
            43.821151
          ],
          [
            -89.019114,
            43.821097
          ],
          [
            -89.01908,
            43.821019
          ],
          [
            -89.018981,
            43.820901
          ],
          [
            -89.018619,
            43.820627
          ],
          [
            -89.018409,
            43.820482
          ],
          [
            -89.018251,
            43.820357
          ],
          [
            -89.017966,
            43.820106
          ],
          [
            -89.017897,
            43.820102
          ],
          [
            -89.017525,
            43.820208
          ],
          [
            -89.01734,
            43.820243
          ],
          [
            -89.017254,
            43.820244
          ],
          [
            -89.017204,
            43.820239
          ],
          [
            -89.017117,
            43.820219
          ]
        ]
      },
      "id": "way/21489911"
    },
    {
      "type": "Feature",
      "properties": {
        "@id": "way/21490300",
        "highway": "tertiary",
        "name": "County Road T",
        "ref": "CTH T",
        "tiger:cfcc": "A41",
        "tiger:county": "Green Lake, WI",
        "tiger:name_base": "County Road T",
        "tiger:reviewed": "no",
        "tiger:zip_left": "54941",
        "tiger:zip_right": "54941"
      },
      "geometry": {
        "type": "LineString",
        "coordinates": [
          [
            -89.0172345,
            43.8368628
          ],
          [
            -89.0172386,
            43.8365619
          ],
          [
            -89.0172707,
            43.835334
          ],
          [
            -89.0172678,
            43.8347642
          ],
          [
            -89.017261,
            43.8330226
          ],
          [
            -89.0172646,
            43.8324273
          ],
          [
            -89.0172698,
            43.8315611
          ],
          [
            -89.0172786,
            43.8300913
          ],
          [
            -89.017289,
            43.828366
          ],
          [
            -89.0173127,
            43.8278025
          ],
          [
            -89.0173139,
            43.826971
          ],
          [
            -89.0173369,
            43.8266169
          ],
          [
            -89.0173642,
            43.8264972
          ],
          [
            -89.0174155,
            43.8263634
          ],
          [
            -89.0174851,
            43.8262745
          ],
          [
            -89.0175649,
            43.8261921
          ],
          [
            -89.0176329,
            43.8261434
          ],
          [
            -89.0177454,
            43.82608
          ],
          [
            -89.0178461,
            43.8260317
          ],
          [
            -89.0179581,
            43.8259904
          ],
          [
            -89.0180787,
            43.8259624
          ],
          [
            -89.0183157,
            43.8259412
          ],
          [
            -89.0193635,
            43.8259113
          ],
          [
            -89.0221859,
            43.825842
          ],
          [
            -89.0231744,
            43.8258222
          ],
          [
            -89.0260211,
            43.8257762
          ],
          [
            -89.0274931,
            43.8257669
          ],
          [
            -89.0298019,
            43.8257524
          ],
          [
            -89.0305448,
            43.8257477
          ],
          [
            -89.0308505,
            43.825735
          ],
          [
            -89.030956,
            43.8257306
          ],
          [
            -89.0314305,
            43.825685
          ],
          [
            -89.0317785,
            43.8255937
          ],
          [
            -89.0319604,
            43.8255081
          ],
          [
            -89.0320286,
            43.8254641
          ],
          [
            -89.032066,
            43.82544
          ],
          [
            -89.032174,
            43.825328
          ],
          [
            -89.032403,
            43.824168
          ],
          [
            -89.032431,
            43.824029
          ],
          [
            -89.032446,
            43.823993
          ],
          [
            -89.032478,
            43.823942
          ],
          [
            -89.032554,
            43.823848
          ],
          [
            -89.0326433,
            43.8237594
          ],
          [
            -89.032691,
            43.823712
          ],
          [
            -89.032782,
            43.823649
          ],
          [
            -89.033003,
            43.823514
          ],
          [
            -89.033338,
            43.823349
          ],
          [
            -89.034145,
            43.822982
          ],
          [
            -89.034854,
            43.82266
          ],
          [
            -89.035442,
            43.822477
          ],
          [
            -89.036093,
            43.82234
          ],
          [
            -89.03685,
            43.822192
          ],
          [
            -89.0369921,
            43.822155
          ],
          [
            -89.037253,
            43.822087
          ],
          [
            -89.037461,
            43.82201
          ],
          [
            -89.037719,
            43.821898
          ],
          [
            -89.0408651,
            43.8203141
          ],
          [
            -89.0423919,
            43.8195454
          ],
          [
            -89.0467293,
            43.8177627
          ],
          [
            -89.0473347,
            43.8175139
          ],
          [
            -89.0486555,
            43.8169832
          ],
          [
            -89.049644,
            43.8166294
          ],
          [
            -89.0502688,
            43.8164468
          ],
          [
            -89.0503505,
            43.8164282
          ],
          [
            -89.0510201,
            43.8162756
          ],
          [
            -89.0523804,
            43.8160759
          ],
          [
            -89.0573866,
            43.8155508
          ],
          [
            -89.062543,
            43.8149745
          ],
          [
            -89.0637773,
            43.8148166
          ],
          [
            -89.0671241,
            43.8143885
          ],
          [
            -89.0673988,
            43.8143662
          ],
          [
            -89.0677724,
            43.8143561
          ],
          [
            -89.0678299,
            43.8143545
          ],
          [
            -89.0682891,
            43.8143428
          ],
          [
            -89.0685946,
            43.8143404
          ],
          [
            -89.0705195,
            43.8143252
          ],
          [
            -89.071389,
            43.8143556
          ],
          [
            -89.0723969,
            43.8143427
          ],
          [
            -89.0743726,
            43.8143276
          ],
          [
            -89.0753941,
            43.8143198
          ],
          [
            -89.0758896,
            43.8143184
          ],
          [
            -89.0764905,
            43.8143168
          ],
          [
            -89.0765474,
            43.8143166
          ],
          [
            -89.0767756,
            43.814316
          ],
          [
            -89.0770866,
            43.8143151
          ],
          [
            -89.0774075,
            43.8143142
          ],
          [
            -89.0785608,
            43.81427
          ],
          [
            -89.0790087,
            43.8142668
          ],
          [
            -89.0801814,
            43.8142532
          ],
          [
            -89.0804876,
            43.8142497
          ],
          [
            -89.0807656,
            43.8142476
          ],
          [
            -89.0814564,
            43.8142424
          ],
          [
            -89.0910376,
            43.8141698
          ],
          [
            -89.0951106,
            43.8141641
          ],
          [
            -89.1026158,
            43.8141071
          ],
          [
            -89.1066967,
            43.8140557
          ],
          [
            -89.1094093,
            43.8140842
          ],
          [
            -89.1111571,
            43.8141013
          ],
          [
            -89.1129233,
            43.8140957
          ],
          [
            -89.1139488,
            43.8140899
          ],
          [
            -89.1161161,
            43.8140735
          ],
          [
            -89.1169699,
            43.8140671
          ],
          [
            -89.1187177,
            43.8140785
          ],
          [
            -89.1193346,
            43.8141356
          ],
          [
            -89.1203627,
            43.8143353
          ],
          [
            -89.120687,
            43.8144438
          ],
          [
            -89.1217467,
            43.8148946
          ],
          [
            -89.1218488,
            43.814929
          ],
          [
            -89.1223557,
            43.8151
          ],
          [
            -89.1227907,
            43.8151913
          ],
          [
            -89.1235217,
            43.8152583
          ],
          [
            -89.1237239,
            43.8152769
          ],
          [
            -89.1239329,
            43.8152929
          ],
          [
            -89.1250974,
            43.8153822
          ],
          [
            -89.1265444,
            43.8154932
          ],
          [
            -89.1266263,
            43.8154995
          ],
          [
            -89.1286035,
            43.8156707
          ],
          [
            -89.1308891,
            43.8158704
          ],
          [
            -89.1314664,
            43.815956
          ],
          [
            -89.1322092,
            43.8160851
          ],
          [
            -89.1336492,
            43.8163726
          ],
          [
            -89.1362511,
            43.8168919
          ],
          [
            -89.1379989,
            43.8172343
          ],
          [
            -89.1403477,
            43.8177364
          ],
          [
            -89.1410437,
            43.8178905
          ],
          [
            -89.1417555,
            43.8180218
          ],
          [
            -89.1422142,
            43.8180731
          ],
          [
            -89.1426175,
            43.8181074
          ],
          [
            -89.1431474,
            43.8181017
          ],
          [
            -89.1446658,
            43.8181188
          ],
          [
            -89.1474576,
            43.8181188
          ],
          [
            -89.1477265,
            43.8181131
          ]
        ]
      },
      "id": "way/21490300"
    },
    {
      "type": "Feature",
      "properties": {
        "@id": "way/21490388",
        "highway": "residential",
        "name": "Aisle of Pines Road",
        "tiger:cfcc": "A41",
        "tiger:county": "Green Lake, WI",
        "tiger:name_base": "Aisle of Pines",
        "tiger:name_type": "Rd",
        "tiger:reviewed": "no",
        "tiger:zip_left": "54941",
        "tiger:zip_right": "54941"
      },
      "geometry": {
        "type": "LineString",
        "coordinates": [
          [
            -89.015817,
            43.823009
          ],
          [
            -89.015944,
            43.823214
          ],
          [
            -89.015974,
            43.82335
          ],
          [
            -89.015999,
            43.823438
          ],
          [
            -89.016047,
            43.823498
          ],
          [
            -89.016091,
            43.823538
          ],
          [
            -89.016138,
            43.823564
          ],
          [
            -89.0163,
            43.823631
          ],
          [
            -89.016375,
            43.823652
          ],
          [
            -89.016506,
            43.823676
          ],
          [
            -89.016634,
            43.823688
          ],
          [
            -89.016825,
            43.82369
          ],
          [
            -89.017051,
            43.823679
          ],
          [
            -89.0173794,
            43.8236732
          ],
          [
            -89.017903,
            43.823664
          ],
          [
            -89.018144,
            43.82368
          ],
          [
            -89.018244,
            43.823695
          ],
          [
            -89.018335,
            43.82372
          ],
          [
            -89.018431,
            43.823762
          ],
          [
            -89.018649,
            43.823869
          ],
          [
            -89.018759,
            43.823934
          ],
          [
            -89.018956,
            43.824083
          ],
          [
            -89.019073,
            43.824184
          ],
          [
            -89.019504,
            43.824834
          ],
          [
            -89.019557,
            43.824887
          ],
          [
            -89.01965,
            43.824942
          ],
          [
            -89.019714,
            43.824987
          ],
          [
            -89.019767,
            43.825035
          ],
          [
            -89.019795,
            43.825068
          ],
          [
            -89.019927,
            43.825129
          ],
          [
            -89.020223,
            43.825218
          ],
          [
            -89.020347,
            43.825211
          ],
          [
            -89.020428,
            43.825189
          ],
          [
            -89.020506,
            43.825146
          ],
          [
            -89.020559,
            43.825109
          ],
          [
            -89.020769,
            43.82499
          ],
          [
            -89.021135,
            43.824738
          ],
          [
            -89.021455,
            43.824537
          ],
          [
            -89.021842,
            43.824334
          ],
          [
            -89.0223971,
            43.8240657
          ]
        ]
      },
      "id": "way/21490388"
    },
    {
      "type": "Feature",
      "properties": {
        "@id": "way/241382683",
        "highway": "residential",
        "name": "Avenue of Flags Road",
        "tiger:cfcc": "A41",
        "tiger:county": "Green Lake, WI",
        "tiger:name_base": "Avenue of Flags",
        "tiger:name_type": "Rd",
        "tiger:reviewed": "no",
        "tiger:zip_left": "54941",
        "tiger:zip_right": "54941"
      },
      "geometry": {
        "type": "LineString",
        "coordinates": [
          [
            -89.0181254,
            43.8166301
          ],
          [
            -89.0181286,
            43.8166761
          ],
          [
            -89.018124,
            43.8168132
          ],
          [
            -89.0181216,
            43.8169751
          ],
          [
            -89.018121,
            43.817189
          ],
          [
            -89.0181027,
            43.8173424
          ],
          [
            -89.017978,
            43.818079
          ],
          [
            -89.017981,
            43.818129
          ],
          [
            -89.018007,
            43.81829
          ],
          [
            -89.018025,
            43.818336
          ],
          [
            -89.018168,
            43.818613
          ],
          [
            -89.018318,
            43.818837
          ]
        ]
      },
      "id": "way/241382683"
    },
    {
      "type": "Feature",
      "properties": {
        "@id": "way/245258879",
        "highway": "residential",
        "name": "Shore Drive",
        "tiger:cfcc": "A41",
        "tiger:county": "Green Lake, WI",
        "tiger:name_base": "Shore",
        "tiger:name_type": "Dr",
        "tiger:reviewed": "no",
        "tiger:zip_left": "54941",
        "tiger:zip_right": "54941"
      },
      "geometry": {
        "type": "LineString",
        "coordinates": [
          [
            -89.011085,
            43.822367
          ],
          [
            -89.010946,
            43.822351
          ],
          [
            -89.010875,
            43.822352
          ],
          [
            -89.010587,
            43.822388
          ],
          [
            -89.009052,
            43.822634
          ],
          [
            -89.008899,
            43.822672
          ],
          [
            -89.008823,
            43.822699
          ],
          [
            -89.0087149,
            43.8227531
          ],
          [
            -89.008363,
            43.822929
          ],
          [
            -89.0083016,
            43.8229733
          ],
          [
            -89.008116,
            43.823107
          ],
          [
            -89.008039,
            43.823206
          ],
          [
            -89.0078907,
            43.8234459
          ],
          [
            -89.007712,
            43.823735
          ],
          [
            -89.007561,
            43.823927
          ],
          [
            -89.007383,
            43.824236
          ],
          [
            -89.0072945,
            43.8243997
          ],
          [
            -89.0071176,
            43.8246361
          ],
          [
            -89.0069602,
            43.8248002
          ],
          [
            -89.0065812,
            43.8251114
          ],
          [
            -89.0064489,
            43.8252315
          ],
          [
            -89.0061658,
            43.8254971
          ],
          [
            -89.0057729,
            43.8258265
          ],
          [
            -89.0053659,
            43.8261661
          ],
          [
            -89.0052617,
            43.8262135
          ],
          [
            -89.0051451,
            43.8262681
          ],
          [
            -89.0049702,
            43.8263144
          ],
          [
            -89.0047895,
            43.8263565
          ],
          [
            -89.0046333,
            43.8263831
          ],
          [
            -89.0044599,
            43.8264316
          ],
          [
            -89.0041059,
            43.8266205
          ],
          [
            -89.0038299,
            43.8268401
          ],
          [
            -89.0038051,
            43.826891
          ],
          [
            -89.0037595,
            43.8269847
          ],
          [
            -89.0037379,
            43.8270291
          ],
          [
            -89.0036494,
            43.8272512
          ],
          [
            -89.0035887,
            43.8273907
          ]
        ]
      },
      "id": "way/245258879"
    },
    {
      "type": "Feature",
      "properties": {
        "@id": "way/262898323",
        "highway": "residential"
      },
      "geometry": {
        "type": "LineString",
        "coordinates": [
          [
            -89.0161753,
            43.8157634
          ],
          [
            -89.0160206,
            43.8157287
          ]
        ]
      },
      "id": "way/262898323"
    },
    {
      "type": "Feature",
      "properties": {
        "@id": "way/262898324",
        "highway": "residential",
        "oneway": "yes"
      },
      "geometry": {
        "type": "LineString",
        "coordinates": [
          [
            -89.0158574,
            43.8157909
          ],
          [
            -89.0159068,
            43.8157911
          ],
          [
            -89.0159537,
            43.8157798
          ],
          [
            -89.015993,
            43.8157583
          ],
          [
            -89.0160206,
            43.8157287
          ],
          [
            -89.0160331,
            43.8156973
          ],
          [
            -89.0160321,
            43.8156646
          ],
          [
            -89.0160177,
            43.8156335
          ],
          [
            -89.0159913,
            43.815607
          ],
          [
            -89.0159551,
            43.8155872
          ],
          [
            -89.0159125,
            43.8155761
          ],
          [
            -89.0158672,
            43.8155746
          ],
          [
            -89.0158233,
            43.8155829
          ],
          [
            -89.0157848,
            43.8156001
          ],
          [
            -89.0157551,
            43.8156248
          ],
          [
            -89.0157358,
            43.8156576
          ],
          [
            -89.0157322,
            43.8156931
          ],
          [
            -89.0157446,
            43.8157276
          ],
          [
            -89.0157718,
            43.8157574
          ],
          [
            -89.0158108,
            43.8157793
          ],
          [
            -89.0158574,
            43.8157909
          ]
        ]
      },
      "id": "way/262898324"
    },
    {
      "type": "Feature",
      "properties": {
        "@id": "way/262898325",
        "highway": "residential",
        "name": "Pillsbury Circle"
      },
      "geometry": {
        "type": "LineString",
        "coordinates": [
          [
            -89.0167383,
            43.8154083
          ],
          [
            -89.0169207,
            43.8155166
          ],
          [
            -89.0170618,
            43.8156086
          ],
          [
            -89.017117,
            43.8156447
          ]
        ]
      },
      "id": "way/262898325"
    },
    {
      "type": "Feature",
      "properties": {
        "@id": "way/262898326",
        "highway": "residential",
        "name": "Pillsbury Circle",
        "oneway": "yes"
      },
      "geometry": {
        "type": "LineString",
        "coordinates": [
          [
            -89.017117,
            43.8156447
          ],
          [
            -89.0170676,
            43.8157553
          ],
          [
            -89.0170627,
            43.8157905
          ],
          [
            -89.0170702,
            43.8158214
          ],
          [
            -89.0170878,
            43.8158454
          ],
          [
            -89.0171351,
            43.8158694
          ],
          [
            -89.0171886,
            43.8158797
          ],
          [
            -89.0172303,
            43.8158825
          ],
          [
            -89.0172721,
            43.8158795
          ],
          [
            -89.0172984,
            43.8158722
          ],
          [
            -89.0173332,
            43.8158588
          ],
          [
            -89.0173593,
            43.8158316
          ],
          [
            -89.0173719,
            43.8157972
          ],
          [
            -89.0173703,
            43.8157693
          ],
          [
            -89.0173489,
            43.8157299
          ],
          [
            -89.0173081,
            43.8157041
          ],
          [
            -89.0172118,
            43.8156677
          ],
          [
            -89.017117,
            43.8156447
          ]
        ]
      },
      "id": "way/262898326"
    },
    {
      "type": "Feature",
      "properties": {
        "@id": "way/262908394",
        "highway": "service",
        "service": "driveway"
      },
      "geometry": {
        "type": "LineString",
        "coordinates": [
          [
            -89.016529,
            43.8162327
          ],
          [
            -89.0164372,
            43.8162673
          ],
          [
            -89.0163682,
            43.8162934
          ],
          [
            -89.0163372,
            43.8163623
          ],
          [
            -89.0163307,
            43.8163766
          ],
          [
            -89.0162985,
            43.816723
          ],
          [
            -89.0163414,
            43.8167443
          ],
          [
            -89.0164244,
            43.816749
          ],
          [
            -89.0165114,
            43.8167539
          ],
          [
            -89.0168912,
            43.8167637
          ],
          [
            -89.0169598,
            43.8167595
          ],
          [
            -89.0171434,
            43.8167482
          ],
          [
            -89.0172346,
            43.8167327
          ],
          [
            -89.0172802,
            43.8166901
          ],
          [
            -89.0173338,
            43.8165914
          ]
        ]
      },
      "id": "way/262908394"
    },
    {
      "type": "Feature",
      "properties": {
        "@id": "way/262908400",
        "highway": "service",
        "service": "driveway"
      },
      "geometry": {
        "type": "LineString",
        "coordinates": [
          [
            -89.0164623,
            43.8171458
          ],
          [
            -89.0165039,
            43.8171339
          ],
          [
            -89.0165455,
            43.8171106
          ],
          [
            -89.016628,
            43.8170604
          ],
          [
            -89.0166643,
            43.8170383
          ],
          [
            -89.0167239,
            43.8170106
          ],
          [
            -89.0167577,
            43.8170023
          ],
          [
            -89.0168151,
            43.8169912
          ],
          [
            -89.0169182,
            43.8169813
          ]
        ]
      },
      "id": "way/262908400"
    },
    {
      "type": "Feature",
      "properties": {
        "@id": "way/262908405",
        "highway": "service",
        "service": "driveway"
      },
      "geometry": {
        "type": "LineString",
        "coordinates": [
          [
            -89.016455,
            43.817204
          ],
          [
            -89.0165651,
            43.8172296
          ],
          [
            -89.0168788,
            43.8172934
          ],
          [
            -89.0171551,
            43.8173162
          ],
          [
            -89.017188,
            43.8173189
          ],
          [
            -89.0172411,
            43.8173476
          ],
          [
            -89.0172499,
            43.8175548
          ],
          [
            -89.0172543,
            43.8178608
          ]
        ]
      },
      "id": "way/262908405"
    },
    {
      "type": "Feature",
      "properties": {
        "@id": "way/262908420",
        "highway": "service",
        "service": "driveway"
      },
      "geometry": {
        "type": "LineString",
        "coordinates": [
          [
            -89.0184903,
            43.8153069
          ],
          [
            -89.0185419,
            43.8155783
          ],
          [
            -89.0185502,
            43.8156222
          ]
        ]
      },
      "id": "way/262908420"
    },
    {
      "type": "Feature",
      "properties": {
        "@id": "way/262908422",
        "highway": "service",
        "service": "driveway"
      },
      "geometry": {
        "type": "LineString",
        "coordinates": [
          [
            -89.018786,
            43.8159051
          ],
          [
            -89.0190315,
            43.8158787
          ],
          [
            -89.0192295,
            43.815854
          ],
          [
            -89.0193307,
            43.8158328
          ],
          [
            -89.0193565,
            43.8158243
          ],
          [
            -89.0193961,
            43.8157972
          ],
          [
            -89.019416,
            43.8157802
          ],
          [
            -89.0194515,
            43.8157624
          ],
          [
            -89.0199905,
            43.8157242
          ]
        ]
      },
      "id": "way/262908422"
    },
    {
      "type": "Feature",
      "properties": {
        "@id": "way/262908435",
        "highway": "track"
      },
      "geometry": {
        "type": "LineString",
        "coordinates": [
          [
            -89.020765,
            43.816342
          ],
          [
            -89.0208246,
            43.8164297
          ],
          [
            -89.0207849,
            43.8168537
          ],
          [
            -89.0207849,
            43.8169238
          ],
          [
            -89.0207009,
            43.8169971
          ],
          [
            -89.0205463,
            43.8170386
          ],
          [
            -89.0204005,
            43.8170672
          ],
          [
            -89.0203276,
            43.8170795
          ],
          [
            -89.0202679,
            43.8170896
          ],
          [
            -89.0200912,
            43.8171055
          ],
          [
            -89.0200249,
            43.8171533
          ],
          [
            -89.0200029,
            43.8172075
          ],
          [
            -89.0200249,
            43.8172394
          ],
          [
            -89.020078,
            43.8172617
          ],
          [
            -89.0201354,
            43.8172521
          ]
        ]
      },
      "id": "way/262908435"
    },
    {
      "type": "Feature",
      "properties": {
        "@id": "way/262908436",
        "highway": "track"
      },
      "geometry": {
        "type": "LineString",
        "coordinates": [
          [
            -89.0203276,
            43.8170795
          ],
          [
            -89.0202193,
            43.8171724
          ],
          [
            -89.0201354,
            43.8172521
          ],
          [
            -89.0200205,
            43.8174339
          ],
          [
            -89.0199601,
            43.817508
          ],
          [
            -89.0199322,
            43.8175422
          ],
          [
            -89.0198659,
            43.8175996
          ],
          [
            -89.0198659,
            43.8176793
          ]
        ]
      },
      "id": "way/262908436"
    },
    {
      "type": "Feature",
      "properties": {
        "@id": "way/262908439",
        "highway": "track"
      },
      "geometry": {
        "type": "LineString",
        "coordinates": [
          [
            -89.0199601,
            43.817508
          ],
          [
            -89.0200117,
            43.8175805
          ],
          [
            -89.0200691,
            43.8176156
          ],
          [
            -89.0202061,
            43.8176506
          ],
          [
            -89.0202812,
            43.8177208
          ]
        ]
      },
      "id": "way/262908439"
    },
    {
      "type": "Feature",
      "properties": {
        "@id": "way/262908441",
        "highway": "track"
      },
      "geometry": {
        "type": "LineString",
        "coordinates": [
          [
            -89.0199601,
            43.817508
          ],
          [
            -89.0198526,
            43.8175582
          ],
          [
            -89.0197113,
            43.817606
          ],
          [
            -89.0195743,
            43.8176315
          ],
          [
            -89.0195301,
            43.8177048
          ],
          [
            -89.0194594,
            43.8178164
          ],
          [
            -89.0194108,
            43.8178451
          ]
        ]
      },
      "id": "way/262908441"
    },
    {
      "type": "Feature",
      "properties": {
        "@id": "way/262908444",
        "highway": "track"
      },
      "geometry": {
        "type": "LineString",
        "coordinates": [
          [
            -89.0207849,
            43.8169238
          ],
          [
            -89.0208467,
            43.8170194
          ],
          [
            -89.0209439,
            43.8170768
          ],
          [
            -89.0210853,
            43.8171342
          ],
          [
            -89.0211118,
            43.8172043
          ],
          [
            -89.0210985,
            43.8172713
          ],
          [
            -89.0210632,
            43.8173127
          ],
          [
            -89.0209527,
            43.8173478
          ],
          [
            -89.0208776,
            43.8172968
          ],
          [
            -89.0208379,
            43.8172426
          ],
          [
            -89.0208644,
            43.8171183
          ],
          [
            -89.0208467,
            43.8170194
          ]
        ]
      },
      "id": "way/262908444"
    },
    {
      "type": "Feature",
      "properties": {
        "@id": "way/262908445",
        "highway": "track"
      },
      "geometry": {
        "type": "LineString",
        "coordinates": [
          [
            -89.0209527,
            43.8173478
          ],
          [
            -89.0208997,
            43.8174594
          ]
        ]
      },
      "id": "way/262908445"
    },
    {
      "type": "Feature",
      "properties": {
        "@id": "way/262908447",
        "highway": "track"
      },
      "geometry": {
        "type": "LineString",
        "coordinates": [
          [
            -89.0200912,
            43.8171055
          ],
          [
            -89.0196052,
            43.8171724
          ]
        ]
      },
      "id": "way/262908447"
    },
    {
      "type": "Feature",
      "properties": {
        "@id": "way/263169379",
        "highway": "residential"
      },
      "geometry": {
        "type": "LineString",
        "coordinates": [
          [
            -89.032138,
            43.817692
          ],
          [
            -89.032012,
            43.8176614
          ],
          [
            -89.0311783,
            43.8176051
          ],
          [
            -89.0303055,
            43.8174359
          ],
          [
            -89.0302301,
            43.8174394
          ],
          [
            -89.0299016,
            43.8174547
          ],
          [
            -89.0294978,
            43.8175863
          ],
          [
            -89.0285599,
            43.8179998
          ],
          [
            -89.0281218,
            43.8182764
          ],
          [
            -89.0279718,
            43.8183711
          ],
          [
            -89.0279346,
            43.8183946
          ],
          [
            -89.0276548,
            43.8187903
          ],
          [
            -89.0275828,
            43.818874
          ]
        ]
      },
      "id": "way/263169379"
    },
    {
      "type": "Feature",
      "properties": {
        "@id": "way/263169380",
        "highway": "residential"
      },
      "geometry": {
        "type": "LineString",
        "coordinates": [
          [
            -89.0281218,
            43.8182764
          ],
          [
            -89.0283123,
            43.8182818
          ],
          [
            -89.0292112,
            43.818216
          ],
          [
            -89.0300319,
            43.8179716
          ],
          [
            -89.0302273,
            43.8178494
          ],
          [
            -89.0302794,
            43.8176802
          ],
          [
            -89.0302301,
            43.8174394
          ]
        ]
      },
      "id": "way/263169380"
    },
    {
      "type": "Feature",
      "properties": {
        "@id": "way/263169381",
        "highway": "residential",
        "name": "Hillside Road",
        "oneway": "yes",
        "tiger:cfcc": "A41",
        "tiger:county": "Green Lake, WI",
        "tiger:name_base": "Hillside",
        "tiger:name_type": "Rd",
        "tiger:reviewed": "no",
        "tiger:zip_left": "54941",
        "tiger:zip_right": "54941"
      },
      "geometry": {
        "type": "LineString",
        "coordinates": [
          [
            -89.0194969,
            43.8153436
          ],
          [
            -89.019887,
            43.815328
          ],
          [
            -89.0199733,
            43.8153225
          ],
          [
            -89.0201965,
            43.8153018
          ],
          [
            -89.0204205,
            43.8152751
          ]
        ]
      },
      "id": "way/263169381"
    },
    {
      "type": "Feature",
      "properties": {
        "@id": "way/263169383",
        "highway": "footway"
      },
      "geometry": {
        "type": "LineString",
        "coordinates": [
          [
            -89.0285595,
            43.8205155
          ],
          [
            -89.0282733,
            43.8208102
          ],
          [
            -89.0278304,
            43.8213177
          ],
          [
            -89.0277001,
            43.8214399
          ],
          [
            -89.0275698,
            43.8215151
          ],
          [
            -89.0272832,
            43.8215057
          ],
          [
            -89.026671,
            43.8215057
          ],
          [
            -89.0264234,
            43.8215245
          ],
          [
            -89.0264234,
            43.8214211
          ],
          [
            -89.0264335,
            43.8213313
          ],
          [
            -89.0264625,
            43.8210734
          ],
          [
            -89.0263192,
            43.8209042
          ],
          [
            -89.0261499,
            43.8209042
          ],
          [
            -89.0260457,
            43.8208384
          ],
          [
            -89.0260978,
            43.8206128
          ],
          [
            -89.0260587,
            43.8202745
          ],
          [
            -89.0260847,
            43.8200113
          ],
          [
            -89.0259545,
            43.8196165
          ],
          [
            -89.0257851,
            43.8193157
          ],
          [
            -89.025733,
            43.819156
          ],
          [
            -89.0256679,
            43.8189398
          ],
          [
            -89.0254985,
            43.8188176
          ],
          [
            -89.0251077,
            43.8187048
          ],
          [
            -89.0249781,
            43.8185727
          ]
        ]
      },
      "id": "way/263169383"
    },
    {
      "type": "Feature",
      "properties": {
        "@id": "way/263169384",
        "highway": "footway"
      },
      "geometry": {
        "type": "LineString",
        "coordinates": [
          [
            -89.0275698,
            43.8215151
          ],
          [
            -89.0277978,
            43.8215027
          ],
          [
            -89.0282248,
            43.8215255
          ],
          [
            -89.0286519,
            43.8216225
          ],
          [
            -89.029419,
            43.8218565
          ],
          [
            -89.0297591,
            43.821885
          ],
          [
            -89.0309616,
            43.8218736
          ]
        ]
      },
      "id": "way/263169384"
    },
    {
      "type": "Feature",
      "properties": {
        "@id": "way/263169385",
        "highway": "footway"
      },
      "geometry": {
        "type": "LineString",
        "coordinates": [
          [
            -89.0275698,
            43.8215151
          ],
          [
            -89.0273074,
            43.8221931
          ],
          [
            -89.0272138,
            43.822497
          ],
          [
            -89.0271967,
            43.8225526
          ],
          [
            -89.0271651,
            43.8232944
          ],
          [
            -89.0271613,
            43.8233534
          ],
          [
            -89.0271176,
            43.8240304
          ],
          [
            -89.0270227,
            43.8242187
          ],
          [
            -89.0268408,
            43.8243899
          ],
          [
            -89.0267145,
            43.8245594
          ]
        ]
      },
      "id": "way/263169385"
    },
    {
      "type": "Feature",
      "properties": {
        "@id": "way/263169386",
        "highway": "footway"
      },
      "geometry": {
        "type": "LineString",
        "coordinates": [
          [
            -89.0310626,
            43.8231608
          ],
          [
            -89.0303364,
            43.8232544
          ],
          [
            -89.0297354,
            43.8233343
          ],
          [
            -89.0294902,
            43.8233172
          ],
          [
            -89.0292292,
            43.8232601
          ],
          [
            -89.0285886,
            43.8232772
          ],
          [
            -89.0271613,
            43.8233534
          ]
        ]
      },
      "id": "way/263169386"
    },
    {
      "type": "Feature",
      "properties": {
        "@id": "way/263169387",
        "highway": "footway"
      },
      "geometry": {
        "type": "LineString",
        "coordinates": [
          [
            -89.0247111,
            43.8184928
          ],
          [
            -89.0247213,
            43.819243
          ],
          [
            -89.0248241,
            43.8200077
          ],
          [
            -89.0247998,
            43.8210808
          ],
          [
            -89.0247925,
            43.8214
          ],
          [
            -89.02476,
            43.821939
          ],
          [
            -89.0247213,
            43.8225811
          ],
          [
            -89.0246422,
            43.8236767
          ],
          [
            -89.0245711,
            43.8238364
          ],
          [
            -89.0244276,
            43.8240405
          ]
        ]
      },
      "id": "way/263169387"
    },
    {
      "type": "Feature",
      "properties": {
        "@id": "way/263169388",
        "highway": "footway"
      },
      "geometry": {
        "type": "LineString",
        "coordinates": [
          [
            -89.0247213,
            43.8225811
          ],
          [
            -89.0265561,
            43.8225469
          ],
          [
            -89.0272138,
            43.822497
          ]
        ]
      },
      "id": "way/263169388"
    },
    {
      "type": "Feature",
      "properties": {
        "@id": "way/263169389",
        "highway": "footway"
      },
      "geometry": {
        "type": "LineString",
        "coordinates": [
          [
            -89.0264335,
            43.8213313
          ],
          [
            -89.0259709,
            43.8213372
          ],
          [
            -89.0258523,
            43.8213087
          ],
          [
            -89.0254173,
            43.8210919
          ],
          [
            -89.0252749,
            43.8210919
          ],
          [
            -89.0247998,
            43.8210808
          ]
        ]
      },
      "id": "way/263169389"
    },
    {
      "type": "Feature",
      "properties": {
        "@id": "way/263169391",
        "highway": "footway"
      },
      "geometry": {
        "type": "LineString",
        "coordinates": [
          [
            -89.0167313,
            43.8151387
          ],
          [
            -89.0168242,
            43.8152123
          ],
          [
            -89.0168591,
            43.8152775
          ],
          [
            -89.0168909,
            43.8153281
          ]
        ]
      },
      "id": "way/263169391"
    },
    {
      "type": "Feature",
      "properties": {
        "@id": "way/263169392",
        "highway": "footway"
      },
      "geometry": {
        "type": "LineString",
        "coordinates": [
          [
            -89.0172401,
            43.8154843
          ],
          [
            -89.0171923,
            43.8155176
          ],
          [
            -89.0170618,
            43.8156086
          ]
        ]
      },
      "id": "way/263169392"
    },
    {
      "type": "Feature",
      "properties": {
        "@id": "way/263169393",
        "highway": "footway"
      },
      "geometry": {
        "type": "LineString",
        "coordinates": [
          [
            -89.0173489,
            43.8157299
          ],
          [
            -89.0174152,
            43.8156747
          ]
        ]
      },
      "id": "way/263169393"
    },
    {
      "type": "Feature",
      "properties": {
        "@id": "way/263169394",
        "highway": "steps"
      },
      "geometry": {
        "type": "LineString",
        "coordinates": [
          [
            -89.0174152,
            43.8156747
          ],
          [
            -89.0174654,
            43.8156376
          ]
        ]
      },
      "id": "way/263169394"
    },
    {
      "type": "Feature",
      "properties": {
        "@id": "way/263169395",
        "highway": "footway"
      },
      "geometry": {
        "type": "LineString",
        "coordinates": [
          [
            -89.0170618,
            43.8156086
          ],
          [
            -89.0169932,
            43.8156477
          ],
          [
            -89.0169582,
            43.8156519
          ],
          [
            -89.0169262,
            43.8156772
          ],
          [
            -89.0168055,
            43.8157591
          ],
          [
            -89.0167568,
            43.8157931
          ]
        ]
      },
      "id": "way/263169395"
    },
    {
      "type": "Feature",
      "properties": {
        "@id": "way/263169396",
        "highway": "footway"
      },
      "geometry": {
        "type": "LineString",
        "coordinates": [
          [
            -89.0167121,
            43.8158184
          ],
          [
            -89.016709,
            43.8158116
          ],
          [
            -89.0167094,
            43.8158044
          ],
          [
            -89.0167131,
            43.8157977
          ],
          [
            -89.0167198,
            43.8157923
          ],
          [
            -89.0167286,
            43.8157889
          ],
          [
            -89.0167385,
            43.8157879
          ],
          [
            -89.0167483,
            43.8157893
          ],
          [
            -89.0167568,
            43.8157931
          ],
          [
            -89.0167625,
            43.815798
          ],
          [
            -89.0167658,
            43.8158039
          ],
          [
            -89.0167665,
            43.8158103
          ],
          [
            -89.0167645,
            43.8158165
          ],
          [
            -89.01676,
            43.815822
          ],
          [
            -89.0167533,
            43.8158263
          ],
          [
            -89.0167452,
            43.8158289
          ],
          [
            -89.0167364,
            43.8158296
          ],
          [
            -89.0167266,
            43.815828
          ],
          [
            -89.0167182,
            43.8158242
          ],
          [
            -89.0167121,
            43.8158184
          ]
        ]
      },
      "id": "way/263169396"
    },
    {
      "type": "Feature",
      "properties": {
        "@id": "way/263169397",
        "highway": "footway"
      },
      "geometry": {
        "type": "LineString",
        "coordinates": [
          [
            -89.0167364,
            43.8158296
          ],
          [
            -89.0167464,
            43.8158807
          ],
          [
            -89.0167666,
            43.8159811
          ],
          [
            -89.0167825,
            43.8160258
          ]
        ]
      },
      "id": "way/263169397"
    },
    {
      "type": "Feature",
      "properties": {
        "@id": "way/263169398",
        "highway": "footway"
      },
      "geometry": {
        "type": "LineString",
        "coordinates": [
          [
            -89.0167121,
            43.8158184
          ],
          [
            -89.0166562,
            43.8158443
          ],
          [
            -89.016593,
            43.8158739
          ]
        ]
      },
      "id": "way/263169398"
    },
    {
      "type": "Feature",
      "properties": {
        "@id": "way/263169399",
        "highway": "steps"
      },
      "geometry": {
        "type": "LineString",
        "coordinates": [
          [
            -89.0162815,
            43.816008
          ],
          [
            -89.01626,
            43.816015
          ]
        ]
      },
      "id": "way/263169399"
    },
    {
      "type": "Feature",
      "properties": {
        "@id": "way/263169400",
        "highway": "footway"
      },
      "geometry": {
        "type": "LineString",
        "coordinates": [
          [
            -89.0164845,
            43.8159219
          ],
          [
            -89.0164254,
            43.8159467
          ],
          [
            -89.0163396,
            43.8159826
          ],
          [
            -89.0162815,
            43.816008
          ]
        ]
      },
      "id": "way/263169400"
    },
    {
      "type": "Feature",
      "properties": {
        "@id": "way/263169401",
        "highway": "steps"
      },
      "geometry": {
        "type": "LineString",
        "coordinates": [
          [
            -89.0164985,
            43.8159157
          ],
          [
            -89.0164845,
            43.8159219
          ]
        ]
      },
      "id": "way/263169401"
    },
    {
      "type": "Feature",
      "properties": {
        "@id": "way/263169402",
        "highway": "footway"
      },
      "geometry": {
        "type": "LineString",
        "coordinates": [
          [
            -89.0165318,
            43.8159026
          ],
          [
            -89.0165149,
            43.8159093
          ],
          [
            -89.0164985,
            43.8159157
          ]
        ]
      },
      "id": "way/263169402"
    },
    {
      "type": "Feature",
      "properties": {
        "@id": "way/263169403",
        "highway": "steps"
      },
      "geometry": {
        "type": "LineString",
        "coordinates": [
          [
            -89.016549,
            43.8158948
          ],
          [
            -89.0165318,
            43.8159026
          ]
        ]
      },
      "id": "way/263169403"
    },
    {
      "type": "Feature",
      "properties": {
        "@id": "way/263169404",
        "highway": "footway"
      },
      "geometry": {
        "type": "LineString",
        "coordinates": [
          [
            -89.016578,
            43.8158809
          ],
          [
            -89.016549,
            43.8158948
          ]
        ]
      },
      "id": "way/263169404"
    },
    {
      "type": "Feature",
      "properties": {
        "@id": "way/263169405",
        "highway": "steps"
      },
      "geometry": {
        "type": "LineString",
        "coordinates": [
          [
            -89.016593,
            43.8158739
          ],
          [
            -89.016578,
            43.8158809
          ]
        ]
      },
      "id": "way/263169405"
    },
    {
      "type": "Feature",
      "properties": {
        "@id": "way/263169406",
        "highway": "footway"
      },
      "geometry": {
        "type": "LineString",
        "coordinates": [
          [
            -89.0170598,
            43.8159091
          ],
          [
            -89.0167825,
            43.8160258
          ],
          [
            -89.0167305,
            43.8160444
          ],
          [
            -89.0166854,
            43.816025
          ],
          [
            -89.0166306,
            43.8159971
          ],
          [
            -89.0165715,
            43.8159599
          ],
          [
            -89.0165296,
            43.8159258
          ],
          [
            -89.0165149,
            43.8159093
          ],
          [
            -89.0164953,
            43.8158909
          ],
          [
            -89.016463,
            43.8158754
          ],
          [
            -89.016405,
            43.815863
          ],
          [
            -89.0163406,
            43.8158615
          ],
          [
            -89.0162998,
            43.8158709
          ],
          [
            -89.016246,
            43.8158834
          ]
        ]
      },
      "id": "way/263169406"
    },
    {
      "type": "Feature",
      "properties": {
        "@id": "way/263169407",
        "highway": "footway"
      },
      "geometry": {
        "type": "LineString",
        "coordinates": [
          [
            -89.0162998,
            43.8158709
          ],
          [
            -89.0163287,
            43.8158909
          ],
          [
            -89.0163653,
            43.8158979
          ],
          [
            -89.0163964,
            43.8159134
          ],
          [
            -89.0164254,
            43.8159467
          ],
          [
            -89.0165569,
            43.8161178
          ]
        ]
      },
      "id": "way/263169407"
    },
    {
      "type": "Feature",
      "properties": {
        "@id": "way/263169408",
        "highway": "footway"
      },
      "geometry": {
        "type": "LineString",
        "coordinates": [
          [
            -89.0167198,
            43.8157923
          ],
          [
            -89.0166945,
            43.81575
          ]
        ]
      },
      "id": "way/263169408"
    },
    {
      "type": "Feature",
      "properties": {
        "@id": "way/263169409",
        "highway": "footway"
      },
      "geometry": {
        "type": "LineString",
        "coordinates": [
          [
            -89.0167645,
            43.8158165
          ],
          [
            -89.0168326,
            43.8158335
          ],
          [
            -89.0169852,
            43.8158716
          ],
          [
            -89.0169991,
            43.8158452
          ],
          [
            -89.0169905,
            43.8158305
          ],
          [
            -89.0169852,
            43.8158011
          ],
          [
            -89.0169852,
            43.815773
          ],
          [
            -89.0169923,
            43.8157258
          ],
          [
            -89.0170011,
            43.8156926
          ],
          [
            -89.0169994,
            43.8156594
          ],
          [
            -89.0169932,
            43.8156477
          ]
        ]
      },
      "id": "way/263169409"
    },
    {
      "type": "Feature",
      "properties": {
        "@id": "way/263169410",
        "highway": "footway"
      },
      "geometry": {
        "type": "LineString",
        "coordinates": [
          [
            -89.015766,
            43.8155138
          ],
          [
            -89.0157695,
            43.8155508
          ],
          [
            -89.0157394,
            43.81557
          ],
          [
            -89.0157129,
            43.8155879
          ],
          [
            -89.0156987,
            43.8156045
          ],
          [
            -89.0156906,
            43.815615
          ],
          [
            -89.015681,
            43.8156274
          ],
          [
            -89.0156686,
            43.8156568
          ],
          [
            -89.0156651,
            43.8156849
          ],
          [
            -89.0156686,
            43.8157258
          ],
          [
            -89.0156846,
            43.8157564
          ],
          [
            -89.0157076,
            43.8157922
          ]
        ]
      },
      "id": "way/263169410"
    },
    {
      "type": "Feature",
      "properties": {
        "@id": "way/263169411",
        "highway": "footway"
      },
      "geometry": {
        "type": "LineString",
        "coordinates": [
          [
            -89.0157551,
            43.8156248
          ],
          [
            -89.0156906,
            43.815615
          ],
          [
            -89.0155779,
            43.815597
          ]
        ]
      },
      "id": "way/263169411"
    },
    {
      "type": "Feature",
      "properties": {
        "@id": "way/263169412",
        "highway": "footway"
      },
      "geometry": {
        "type": "LineString",
        "coordinates": [
          [
            -89.0166097,
            43.8154729
          ],
          [
            -89.0166862,
            43.8155457
          ],
          [
            -89.0166985,
            43.8155738
          ],
          [
            -89.016718,
            43.8156938
          ],
          [
            -89.0167227,
            43.8157427
          ]
        ]
      },
      "id": "way/263169412"
    },
    {
      "type": "Feature",
      "properties": {
        "@id": "way/263169413",
        "highway": "footway"
      },
      "geometry": {
        "type": "LineString",
        "coordinates": [
          [
            -89.0166707,
            43.8157634
          ],
          [
            -89.0166945,
            43.81575
          ],
          [
            -89.0167227,
            43.8157427
          ],
          [
            -89.0167522,
            43.8157418
          ],
          [
            -89.0167807,
            43.8157475
          ],
          [
            -89.0168055,
            43.8157591
          ],
          [
            -89.0168235,
            43.8157747
          ],
          [
            -89.0168346,
            43.8157934
          ],
          [
            -89.0168377,
            43.8158136
          ],
          [
            -89.0168326,
            43.8158335
          ],
          [
            -89.0168195,
            43.8158519
          ],
          [
            -89.0167995,
            43.8158667
          ],
          [
            -89.0167744,
            43.8158766
          ],
          [
            -89.0167464,
            43.8158807
          ],
          [
            -89.0167193,
            43.815879
          ],
          [
            -89.016694,
            43.815872
          ],
          [
            -89.0166724,
            43.8158601
          ],
          [
            -89.0166562,
            43.8158443
          ],
          [
            -89.0166461,
            43.8158239
          ],
          [
            -89.0166453,
            43.8158021
          ],
          [
            -89.0166538,
            43.8157813
          ],
          [
            -89.0166707,
            43.8157634
          ]
        ]
      },
      "id": "way/263169413"
    },
    {
      "type": "Feature",
      "properties": {
        "@id": "way/263169414",
        "highway": "footway"
      },
      "geometry": {
        "type": "LineString",
        "coordinates": [
          [
            -89.0166707,
            43.8157634
          ],
          [
            -89.0165694,
            43.8157117
          ],
          [
            -89.0163865,
            43.815588
          ]
        ]
      },
      "id": "way/263169414"
    },
    {
      "type": "Feature",
      "properties": {
        "@id": "way/263169415",
        "highway": "footway"
      },
      "geometry": {
        "type": "LineString",
        "coordinates": [
          [
            -89.0175002,
            43.8159594
          ],
          [
            -89.0174982,
            43.815943
          ],
          [
            -89.0174719,
            43.815727
          ],
          [
            -89.0174152,
            43.8156747
          ],
          [
            -89.0171923,
            43.8155176
          ],
          [
            -89.0170826,
            43.8154409
          ],
          [
            -89.0170135,
            43.8153925
          ]
        ]
      },
      "id": "way/263169415"
    },
    {
      "type": "Feature",
      "properties": {
        "@id": "way/263169416",
        "highway": "footway"
      },
      "geometry": {
        "type": "LineString",
        "coordinates": [
          [
            -89.0170826,
            43.8154409
          ],
          [
            -89.0172241,
            43.8153363
          ]
        ]
      },
      "id": "way/263169416"
    },
    {
      "type": "Feature",
      "properties": {
        "@id": "way/263169417",
        "highway": "steps"
      },
      "geometry": {
        "type": "LineString",
        "coordinates": [
          [
            -89.0174982,
            43.815943
          ],
          [
            -89.0175856,
            43.8159398
          ],
          [
            -89.0179266,
            43.8159275
          ]
        ]
      },
      "id": "way/263169417"
    },
    {
      "type": "Feature",
      "properties": {
        "@id": "way/263169418",
        "highway": "footway"
      },
      "geometry": {
        "type": "LineString",
        "coordinates": [
          [
            -89.0168318,
            43.8153592
          ],
          [
            -89.0169275,
            43.8154318
          ],
          [
            -89.0170135,
            43.8153925
          ],
          [
            -89.0171056,
            43.815344
          ],
          [
            -89.0170147,
            43.8152723
          ]
        ]
      },
      "id": "way/263169418"
    },
    {
      "type": "Feature",
      "properties": {
        "@id": "way/263169419",
        "highway": "service",
        "service": "driveway"
      },
      "geometry": {
        "type": "LineString",
        "coordinates": [
          [
            -89.0172241,
            43.8153363
          ],
          [
            -89.0173374,
            43.8152495
          ],
          [
            -89.0173745,
            43.8152227
          ]
        ]
      },
      "id": "way/263169419"
    },
    {
      "type": "Feature",
      "properties": {
        "@id": "way/263169420",
        "highway": "service",
        "service": "driveway"
      },
      "geometry": {
        "type": "LineString",
        "coordinates": [
          [
            -89.0173732,
            43.8151959
          ],
          [
            -89.0173745,
            43.8152227
          ],
          [
            -89.0174099,
            43.815275
          ],
          [
            -89.0175426,
            43.8153721
          ],
          [
            -89.0178364,
            43.8155598
          ],
          [
            -89.0179656,
            43.8156849
          ],
          [
            -89.0179968,
            43.8156962
          ],
          [
            -89.0180222,
            43.8157053
          ],
          [
            -89.0181992,
            43.8156887
          ],
          [
            -89.0182865,
            43.8156819
          ],
          [
            -89.0183061,
            43.8156849
          ],
          [
            -89.018324,
            43.8156877
          ],
          [
            -89.0183374,
            43.8157032
          ],
          [
            -89.0183535,
            43.8157903
          ],
          [
            -89.0184206,
            43.8163477
          ],
          [
            -89.0183857,
            43.8163574
          ],
          [
            -89.0182087,
            43.8163612
          ],
          [
            -89.0181497,
            43.8163767
          ],
          [
            -89.0181121,
            43.8163903
          ],
          [
            -89.0180826,
            43.8164154
          ]
        ]
      },
      "id": "way/263169420"
    },
    {
      "type": "Feature",
      "properties": {
        "@id": "way/263169421",
        "highway": "footway"
      },
      "geometry": {
        "type": "LineString",
        "coordinates": [
          [
            -89.0179656,
            43.8156849
          ],
          [
            -89.0178064,
            43.8156905
          ],
          [
            -89.0177808,
            43.8156914
          ]
        ]
      },
      "id": "way/263169421"
    },
    {
      "type": "Feature",
      "properties": {
        "@id": "way/263169422",
        "highway": "footway"
      },
      "geometry": {
        "type": "LineString",
        "coordinates": [
          [
            -89.0178064,
            43.8156905
          ],
          [
            -89.0178329,
            43.8159084
          ],
          [
            -89.0178966,
            43.8159045
          ],
          [
            -89.0179266,
            43.8159275
          ],
          [
            -89.0179762,
            43.8159416
          ],
          [
            -89.0180027,
            43.815962
          ],
          [
            -89.018009,
            43.8159955
          ]
        ]
      },
      "id": "way/263169422"
    },
    {
      "type": "Feature",
      "properties": {
        "@id": "way/263169424",
        "bridge": "yes",
        "highway": "footway"
      },
      "geometry": {
        "type": "LineString",
        "coordinates": [
          [
            -89.0183716,
            43.816059
          ],
          [
            -89.0184937,
            43.8160474
          ]
        ]
      },
      "id": "way/263169424"
    },
    {
      "type": "Feature",
      "properties": {
        "@id": "way/263169426",
        "highway": "pedestrian",
        "name": "Avenue of The Flags"
      },
      "geometry": {
        "type": "LineString",
        "coordinates": [
          [
            -89.0179968,
            43.8156962
          ],
          [
            -89.0180341,
            43.8159949
          ]
        ]
      },
      "id": "way/263169426"
    },
    {
      "type": "Feature",
      "properties": {
        "@id": "way/263169427",
        "highway": "footway"
      },
      "geometry": {
        "type": "LineString",
        "coordinates": [
          [
            -89.0179801,
            43.8166887
          ],
          [
            -89.0175638,
            43.8166951
          ],
          [
            -89.0174157,
            43.8166987
          ],
          [
            -89.0174617,
            43.81664
          ],
          [
            -89.0174758,
            43.81652
          ]
        ]
      },
      "id": "way/263169427"
    },
    {
      "type": "Feature",
      "properties": {
        "@id": "way/263169428",
        "highway": "footway"
      },
      "geometry": {
        "type": "LineString",
        "coordinates": [
          [
            -89.0170033,
            43.8166374
          ],
          [
            -89.0169844,
            43.8166905
          ],
          [
            -89.0169598,
            43.8167595
          ],
          [
            -89.0169265,
            43.8168393
          ],
          [
            -89.0169163,
            43.8168983
          ]
        ]
      },
      "id": "way/263169428"
    },
    {
      "type": "Feature",
      "properties": {
        "@id": "way/263169429",
        "highway": "footway"
      },
      "geometry": {
        "type": "LineString",
        "coordinates": [
          [
            -89.0173855,
            43.8168914
          ],
          [
            -89.0174504,
            43.8168536
          ],
          [
            -89.0175601,
            43.8168077
          ],
          [
            -89.0175638,
            43.8166951
          ],
          [
            -89.0175672,
            43.8165344
          ],
          [
            -89.0175761,
            43.8165166
          ],
          [
            -89.0175725,
            43.8162114
          ],
          [
            -89.0173584,
            43.8159547
          ]
        ]
      },
      "id": "way/263169429"
    },
    {
      "type": "Feature",
      "properties": {
        "@id": "way/263169430",
        "highway": "footway"
      },
      "geometry": {
        "type": "LineString",
        "coordinates": [
          [
            -89.0174982,
            43.815943
          ],
          [
            -89.0173584,
            43.8159547
          ],
          [
            -89.0173332,
            43.815962
          ]
        ]
      },
      "id": "way/263169430"
    },
    {
      "type": "Feature",
      "properties": {
        "@id": "way/263169434",
        "highway": "footway",
        "name": "Memory Lane"
      },
      "geometry": {
        "type": "LineString",
        "coordinates": [
          [
            -89.015766,
            43.8155138
          ],
          [
            -89.0160301,
            43.8153516
          ],
          [
            -89.0160388,
            43.8151644
          ],
          [
            -89.0161758,
            43.8150929
          ],
          [
            -89.0164061,
            43.8150193
          ],
          [
            -89.0166655,
            43.8149351
          ],
          [
            -89.0169803,
            43.8149057
          ],
          [
            -89.0173709,
            43.8149646
          ],
          [
            -89.0175517,
            43.8149625
          ]
        ]
      },
      "id": "way/263169434"
    },
    {
      "type": "Feature",
      "properties": {
        "@id": "way/263169436",
        "highway": "footway",
        "name": "Shore Drive"
      },
      "geometry": {
        "type": "LineString",
        "coordinates": [
          [
            -89.012257,
            43.820873
          ],
          [
            -89.0119346,
            43.820925
          ],
          [
            -89.0111136,
            43.8210948
          ],
          [
            -89.0101341,
            43.8212126
          ],
          [
            -89.0091643,
            43.8214066
          ],
          [
            -89.0082088,
            43.8215763
          ],
          [
            -89.0076471,
            43.8217149
          ],
          [
            -89.0072005,
            43.8218708
          ],
          [
            -89.0068308,
            43.8222553
          ],
          [
            -89.0067348,
            43.8225497
          ],
          [
            -89.0063891,
            43.8230936
          ],
          [
            -89.0057217,
            43.8239526
          ],
          [
            -89.0055057,
            43.8244445
          ],
          [
            -89.00528,
            43.8247494
          ],
          [
            -89.0049199,
            43.8250992
          ],
          [
            -89.0045742,
            43.8254179
          ],
          [
            -89.0038252,
            43.8259063
          ],
          [
            -89.0033259,
            43.8262042
          ],
          [
            -89.0030858,
            43.8263012
          ],
          [
            -89.002961,
            43.8263982
          ],
          [
            -89.0032731,
            43.8266025
          ],
          [
            -89.003638,
            43.8268173
          ],
          [
            -89.0038051,
            43.826891
          ]
        ]
      },
      "id": "way/263169436"
    },
    {
      "type": "Feature",
      "properties": {
        "@id": "way/263169545",
        "highway": "steps"
      },
      "geometry": {
        "type": "LineString",
        "coordinates": [
          [
            -89.0172691,
            43.8196286
          ],
          [
            -89.01731,
            43.8191923
          ],
          [
            -89.0173274,
            43.8190248
          ]
        ]
      },
      "id": "way/263169545"
    },
    {
      "type": "Feature",
      "properties": {
        "@id": "way/263170119",
        "highway": "footway"
      },
      "geometry": {
        "type": "LineString",
        "coordinates": [
          [
            -89.0163372,
            43.8163623
          ],
          [
            -89.0163061,
            43.8163552
          ],
          [
            -89.0162821,
            43.8163391
          ],
          [
            -89.016208,
            43.8162495
          ],
          [
            -89.0160785,
            43.8160927
          ],
          [
            -89.0161021,
            43.8160826
          ],
          [
            -89.0161787,
            43.8160498
          ],
          [
            -89.01626,
            43.816015
          ]
        ]
      },
      "id": "way/263170119"
    },
    {
      "type": "Feature",
      "properties": {
        "@id": "way/263170120",
        "highway": "footway"
      },
      "geometry": {
        "type": "LineString",
        "coordinates": [
          [
            -89.0161216,
            43.8159831
          ],
          [
            -89.0161323,
            43.8159956
          ],
          [
            -89.0161787,
            43.8160498
          ]
        ]
      },
      "id": "way/263170120"
    },
    {
      "type": "Feature",
      "properties": {
        "@id": "way/263170121",
        "highway": "footway"
      },
      "geometry": {
        "type": "LineString",
        "coordinates": [
          [
            -89.0161323,
            43.8159956
          ],
          [
            -89.0160569,
            43.8160295
          ],
          [
            -89.0161021,
            43.8160826
          ]
        ]
      },
      "id": "way/263170121"
    },
    {
      "type": "Feature",
      "properties": {
        "@id": "way/263170122",
        "highway": "footway"
      },
      "geometry": {
        "type": "LineString",
        "coordinates": [
          [
            -89.0160785,
            43.8160927
          ],
          [
            -89.0160282,
            43.8161172
          ]
        ]
      },
      "id": "way/263170122"
    },
    {
      "type": "Feature",
      "properties": {
        "@id": "way/263170123",
        "highway": "footway"
      },
      "geometry": {
        "type": "LineString",
        "coordinates": [
          [
            -89.0164914,
            43.8161612
          ],
          [
            -89.0162382,
            43.8161247
          ]
        ]
      },
      "id": "way/263170123"
    },
    {
      "type": "Feature",
      "properties": {
        "@id": "way/263170124",
        "highway": "steps"
      },
      "geometry": {
        "type": "LineString",
        "coordinates": [
          [
            -89.0162382,
            43.8161247
          ],
          [
            -89.0161997,
            43.8161178
          ]
        ]
      },
      "id": "way/263170124"
    },
    {
      "type": "Feature",
      "properties": {
        "@id": "way/263170125",
        "highway": "footway"
      },
      "geometry": {
        "type": "LineString",
        "coordinates": [
          [
            -89.0161997,
            43.8161178
          ],
          [
            -89.0160785,
            43.8160927
          ]
        ]
      },
      "id": "way/263170125"
    },
    {
      "type": "Feature",
      "properties": {
        "@id": "way/263170126",
        "highway": "footway"
      },
      "geometry": {
        "type": "LineString",
        "coordinates": [
          [
            -89.0159223,
            43.8158782
          ],
          [
            -89.0159981,
            43.8158493
          ],
          [
            -89.0160413,
            43.8158355
          ],
          [
            -89.0160821,
            43.8158355
          ],
          [
            -89.0161169,
            43.8158432
          ]
        ]
      },
      "id": "way/263170126"
    },
    {
      "type": "Feature",
      "properties": {
        "@id": "way/263170127",
        "highway": "footway"
      },
      "geometry": {
        "type": "LineString",
        "coordinates": [
          [
            -89.0161753,
            43.8157634
          ],
          [
            -89.0161277,
            43.8158233
          ],
          [
            -89.0161169,
            43.8158432
          ],
          [
            -89.0161217,
            43.8158597
          ],
          [
            -89.0161409,
            43.8158718
          ],
          [
            -89.0161709,
            43.8158961
          ],
          [
            -89.01626,
            43.816015
          ]
        ]
      },
      "id": "way/263170127"
    },
    {
      "type": "Feature",
      "properties": {
        "@id": "way/263170130",
        "highway": "service",
        "service": "driveway"
      },
      "geometry": {
        "type": "LineString",
        "coordinates": [
          [
            -89.020765,
            43.816342
          ],
          [
            -89.020938,
            43.8163308
          ],
          [
            -89.0210863,
            43.8162951
          ],
          [
            -89.021114,
            43.8162637
          ],
          [
            -89.0211101,
            43.8161325
          ]
        ]
      },
      "id": "way/263170130"
    },
    {
      "type": "Feature",
      "properties": {
        "@id": "way/263170132",
        "highway": "service",
        "service": "driveway"
      },
      "geometry": {
        "type": "LineString",
        "coordinates": [
          [
            -89.0223064,
            43.816667
          ],
          [
            -89.0226016,
            43.8165977
          ],
          [
            -89.0226658,
            43.8165764
          ],
          [
            -89.0227685,
            43.8165423
          ],
          [
            -89.0230434,
            43.8164834
          ],
          [
            -89.0230923,
            43.8164791
          ],
          [
            -89.0232294,
            43.8164669
          ],
          [
            -89.0234037,
            43.816494
          ]
        ]
      },
      "id": "way/263170132"
    },
    {
      "type": "Feature",
      "properties": {
        "@id": "way/263170135",
        "highway": "service",
        "service": "driveway"
      },
      "geometry": {
        "type": "LineString",
        "coordinates": [
          [
            -89.0226658,
            43.8165764
          ],
          [
            -89.0225354,
            43.8166739
          ],
          [
            -89.02249,
            43.816788
          ],
          [
            -89.0224512,
            43.8169306
          ]
        ]
      },
      "id": "way/263170135"
    },
    {
      "type": "Feature",
      "properties": {
        "@id": "way/263292689",
        "highway": "footway"
      },
      "geometry": {
        "type": "LineString",
        "coordinates": [
          [
            -89.0212959,
            43.8221167
          ],
          [
            -89.0215173,
            43.8221067
          ]
        ]
      },
      "id": "way/263292689"
    },
    {
      "type": "Feature",
      "properties": {
        "@id": "way/263292690",
        "highway": "residential",
        "name": "Hillside Court"
      },
      "geometry": {
        "type": "LineString",
        "coordinates": [
          [
            -89.0313476,
            43.816845
          ],
          [
            -89.031317,
            43.8166705
          ],
          [
            -89.0312656,
            43.816622
          ],
          [
            -89.030716,
            43.816622
          ],
          [
            -89.0299409,
            43.8166477
          ],
          [
            -89.0292252,
            43.8165649
          ],
          [
            -89.0290235,
            43.8165278
          ]
        ]
      },
      "id": "way/263292690"
    },
    {
      "type": "Feature",
      "properties": {
        "@id": "way/263292693",
        "highway": "track"
      },
      "geometry": {
        "type": "LineString",
        "coordinates": [
          [
            -89.0282922,
            43.8203796
          ],
          [
            -89.0284624,
            43.8189736
          ],
          [
            -89.0284364,
            43.8188984
          ],
          [
            -89.0283713,
            43.8188608
          ],
          [
            -89.028241,
            43.8188279
          ],
          [
            -89.0276548,
            43.8187903
          ]
        ]
      },
      "id": "way/263292693"
    },
    {
      "type": "Feature",
      "properties": {
        "@id": "way/263293441",
        "highway": "track"
      },
      "geometry": {
        "type": "LineString",
        "coordinates": [
          [
            -89.0173923,
            43.8222403
          ],
          [
            -89.0175076,
            43.8221195
          ],
          [
            -89.0175251,
            43.8219891
          ],
          [
            -89.0175426,
            43.8216148
          ],
          [
            -89.0176067,
            43.8213624
          ],
          [
            -89.0176242,
            43.8212068
          ],
          [
            -89.0175251,
            43.8210806
          ],
          [
            -89.0172628,
            43.8209376
          ]
        ]
      },
      "id": "way/263293441"
    },
    {
      "type": "Feature",
      "properties": {
        "@id": "way/263293442",
        "highway": "footway"
      },
      "geometry": {
        "type": "LineString",
        "coordinates": [
          [
            -89.022323,
            43.8182245
          ],
          [
            -89.0223813,
            43.8199491
          ],
          [
            -89.0223459,
            43.8206189
          ],
          [
            -89.022288,
            43.8217157
          ],
          [
            -89.0223404,
            43.8233308
          ]
        ]
      },
      "id": "way/263293442"
    },
    {
      "type": "Feature",
      "properties": {
        "@id": "way/263293443",
        "highway": "footway"
      },
      "geometry": {
        "type": "LineString",
        "coordinates": [
          [
            -89.0121925,
            43.8216005
          ],
          [
            -89.0123813,
            43.8214989
          ],
          [
            -89.0131645,
            43.8207867
          ],
          [
            -89.0143983,
            43.8199971
          ],
          [
            -89.0156536,
            43.8194475
          ],
          [
            -89.0164583,
            43.8191998
          ],
          [
            -89.01731,
            43.8191923
          ],
          [
            -89.0179603,
            43.8192075
          ],
          [
            -89.0182714,
            43.8192308
          ],
          [
            -89.0194945,
            43.8198965
          ],
          [
            -89.019752,
            43.820539
          ],
          [
            -89.0200524,
            43.8207325
          ],
          [
            -89.0203849,
            43.8208078
          ],
          [
            -89.020664,
            43.8207403
          ],
          [
            -89.020918,
            43.8206347
          ],
          [
            -89.0223459,
            43.8206189
          ],
          [
            -89.0226436,
            43.8207988
          ],
          [
            -89.0230925,
            43.8210301
          ],
          [
            -89.0235763,
            43.8213035
          ],
          [
            -89.0237979,
            43.8215685
          ],
          [
            -89.0239611,
            43.8216484
          ],
          [
            -89.0244625,
            43.8218251
          ],
          [
            -89.02476,
            43.821939
          ]
        ]
      },
      "id": "way/263293443"
    },
    {
      "type": "Feature",
      "properties": {
        "@id": "way/263293444",
        "highway": "service",
        "service": "driveway"
      },
      "geometry": {
        "type": "LineString",
        "coordinates": [
          [
            -89.0181448,
            43.8188782
          ],
          [
            -89.0186211,
            43.8191625
          ],
          [
            -89.0192624,
            43.8194444
          ],
          [
            -89.0197579,
            43.8196379
          ]
        ]
      },
      "id": "way/263293444"
    },
    {
      "type": "Feature",
      "properties": {
        "@id": "way/263293445",
        "highway": "service",
        "service": "driveway"
      },
      "geometry": {
        "type": "LineString",
        "coordinates": [
          [
            -89.0148811,
            43.8195193
          ],
          [
            -89.0148766,
            43.8194199
          ],
          [
            -89.0149049,
            43.8193509
          ],
          [
            -89.0152163,
            43.819162
          ]
        ]
      },
      "id": "way/263293445"
    },
    {
      "type": "Feature",
      "properties": {
        "@id": "way/263293446",
        "highway": "service",
        "service": "driveway"
      },
      "geometry": {
        "type": "LineString",
        "coordinates": [
          [
            -89.0150541,
            43.8191183
          ],
          [
            -89.0152163,
            43.819162
          ],
          [
            -89.015488,
            43.8192136
          ]
        ]
      },
      "id": "way/263293446"
    },
    {
      "type": "Feature",
      "properties": {
        "@id": "way/263293447",
        "highway": "footway"
      },
      "geometry": {
        "type": "LineString",
        "coordinates": [
          [
            -89.018121,
            43.817189
          ],
          [
            -89.0176519,
            43.8171977
          ],
          [
            -89.0174799,
            43.8172216
          ],
          [
            -89.0174477,
            43.8172371
          ],
          [
            -89.017437,
            43.8172681
          ],
          [
            -89.0174298,
            43.8173581
          ],
          [
            -89.0174241,
            43.8174294
          ],
          [
            -89.017409,
            43.8176216
          ]
        ]
      },
      "id": "way/263293447"
    },
    {
      "type": "Feature",
      "properties": {
        "@id": "way/263293448",
        "highway": "footway"
      },
      "geometry": {
        "type": "LineString",
        "coordinates": [
          [
            -89.0174298,
            43.8173581
          ],
          [
            -89.017626,
            43.8173596
          ]
        ]
      },
      "id": "way/263293448"
    },
    {
      "type": "Feature",
      "properties": {
        "@id": "way/263294157",
        "highway": "track"
      },
      "geometry": {
        "type": "LineString",
        "coordinates": [
          [
            -89.0292449,
            43.8205449
          ],
          [
            -89.0293005,
            43.8204093
          ],
          [
            -89.029326,
            43.8203472
          ],
          [
            -89.0294484,
            43.8200317
          ],
          [
            -89.0297516,
            43.8195185
          ],
          [
            -89.0300256,
            43.8194134
          ],
          [
            -89.0305561,
            43.8194007
          ],
          [
            -89.0312673,
            43.8194975
          ],
          [
            -89.0315686,
            43.8195935
          ]
        ]
      },
      "id": "way/263294157"
    },
    {
      "type": "Feature",
      "properties": {
        "@id": "way/263294158",
        "highway": "track"
      },
      "geometry": {
        "type": "LineString",
        "coordinates": [
          [
            -89.0293005,
            43.8204093
          ],
          [
            -89.0294933,
            43.8205206
          ]
        ]
      },
      "id": "way/263294158"
    },
    {
      "type": "Feature",
      "properties": {
        "@id": "way/263294159",
        "highway": "residential",
        "name": "Cabin Road"
      },
      "geometry": {
        "type": "LineString",
        "coordinates": [
          [
            -89.026507,
            43.817047
          ],
          [
            -89.0258129,
            43.8170989
          ],
          [
            -89.0251811,
            43.8171461
          ],
          [
            -89.0247568,
            43.817211
          ],
          [
            -89.0242508,
            43.8172798
          ],
          [
            -89.0241259,
            43.8172934
          ],
          [
            -89.0236654,
            43.8173565
          ],
          [
            -89.0231757,
            43.8174574
          ],
          [
            -89.0224353,
            43.8176425
          ],
          [
            -89.0221438,
            43.8177645
          ],
          [
            -89.0220098,
            43.8178865
          ],
          [
            -89.0216716,
            43.8181893
          ],
          [
            -89.0214326,
            43.8183492
          ],
          [
            -89.0210245,
            43.8185048
          ],
          [
            -89.0202375,
            43.8185889
          ],
          [
            -89.0195729,
            43.81861
          ],
          [
            -89.0188815,
            43.8185997
          ]
        ]
      },
      "id": "way/263294159"
    },
    {
      "type": "Feature",
      "properties": {
        "@id": "way/263294160",
        "highway": "residential",
        "name": "Camp Road"
      },
      "geometry": {
        "type": "LineString",
        "coordinates": [
          [
            -89.0242508,
            43.8172798
          ],
          [
            -89.0242658,
            43.8177308
          ],
          [
            -89.0243067,
            43.8179117
          ],
          [
            -89.0244625,
            43.8181964
          ],
          [
            -89.0244932,
            43.8182524
          ],
          [
            -89.0246389,
            43.8184417
          ],
          [
            -89.0247111,
            43.8184928
          ],
          [
            -89.0247827,
            43.818521
          ],
          [
            -89.0248479,
            43.8185351
          ],
          [
            -89.0249781,
            43.8185727
          ],
          [
            -89.0251019,
            43.8185821
          ],
          [
            -89.0254015,
            43.8185915
          ],
          [
            -89.0255878,
            43.8185949
          ],
          [
            -89.0256555,
            43.8185962
          ],
          [
            -89.0260052,
            43.8185821
          ],
          [
            -89.026587,
            43.8185586
          ],
          [
            -89.0267632,
            43.8185641
          ],
          [
            -89.0268866,
            43.818568
          ],
          [
            -89.0270256,
            43.8186068
          ],
          [
            -89.0270885,
            43.8186244
          ],
          [
            -89.027349,
            43.8187231
          ],
          [
            -89.0274526,
            43.81878
          ],
          [
            -89.0275828,
            43.818874
          ],
          [
            -89.0276423,
            43.8190402
          ],
          [
            -89.0277753,
            43.8194007
          ],
          [
            -89.0278569,
            43.8196447
          ],
          [
            -89.0279735,
            43.8198971
          ],
          [
            -89.0281834,
            43.8202588
          ],
          [
            -89.0282922,
            43.8203796
          ],
          [
            -89.0284516,
            43.820486
          ],
          [
            -89.0285595,
            43.8205155
          ],
          [
            -89.0286206,
            43.8205322
          ],
          [
            -89.0287808,
            43.8205542
          ],
          [
            -89.0288655,
            43.8205659
          ],
          [
            -89.0291162,
            43.8205659
          ],
          [
            -89.0292449,
            43.8205449
          ],
          [
            -89.0294933,
            43.8205206
          ],
          [
            -89.0299731,
            43.8205028
          ],
          [
            -89.0302095,
            43.8204995
          ],
          [
            -89.0306112,
            43.8205031
          ],
          [
            -89.0308702,
            43.8205286
          ],
          [
            -89.0309629,
            43.8205377
          ]
        ]
      },
      "id": "way/263294160"
    },
    {
      "type": "Feature",
      "properties": {
        "@id": "way/263294161",
        "highway": "track"
      },
      "geometry": {
        "type": "LineString",
        "coordinates": [
          [
            -89.0247111,
            43.8184928
          ],
          [
            -89.024569,
            43.8185763
          ],
          [
            -89.024505,
            43.8185892
          ],
          [
            -89.0244232,
            43.8186058
          ],
          [
            -89.0243067,
            43.8186646
          ],
          [
            -89.0241959,
            43.8187824
          ],
          [
            -89.0241784,
            43.8189002
          ],
          [
            -89.0241901,
            43.8192115
          ],
          [
            -89.0242134,
            43.8194975
          ],
          [
            -89.0241959,
            43.8195858
          ],
          [
            -89.0241434,
            43.8196279
          ],
          [
            -89.0240443,
            43.8196447
          ],
          [
            -89.0239452,
            43.8196237
          ],
          [
            -89.0238869,
            43.819548
          ],
          [
            -89.0239044,
            43.8194134
          ],
          [
            -89.0239627,
            43.8193292
          ],
          [
            -89.0241901,
            43.8192115
          ]
        ]
      },
      "id": "way/263294161"
    },
    {
      "type": "Feature",
      "properties": {
        "@id": "way/263294162",
        "highway": "service",
        "service": "driveway"
      },
      "geometry": {
        "type": "LineString",
        "coordinates": [
          [
            -89.0239744,
            43.8184123
          ],
          [
            -89.024091,
            43.8185006
          ],
          [
            -89.0243824,
            43.8185763
          ],
          [
            -89.024505,
            43.8185892
          ]
        ]
      },
      "id": "way/263294162"
    },
    {
      "type": "Feature",
      "properties": {
        "@id": "way/263294163",
        "highway": "track"
      },
      "geometry": {
        "type": "LineString",
        "coordinates": [
          [
            -89.0244625,
            43.8181964
          ],
          [
            -89.0247031,
            43.8180421
          ],
          [
            -89.0247439,
            43.817958
          ],
          [
            -89.024773,
            43.8177266
          ],
          [
            -89.0248255,
            43.8176509
          ],
          [
            -89.0250004,
            43.8175794
          ],
          [
            -89.0252161,
            43.8175668
          ],
          [
            -89.0254493,
            43.8176131
          ],
          [
            -89.0255134,
            43.8176719
          ],
          [
            -89.0255076,
            43.8177519
          ],
          [
            -89.025426,
            43.8178444
          ],
          [
            -89.0252044,
            43.8179033
          ],
          [
            -89.0248721,
            43.8179454
          ],
          [
            -89.0247439,
            43.817958
          ]
        ]
      },
      "id": "way/263294163"
    },
    {
      "type": "Feature",
      "properties": {
        "@id": "way/263294165",
        "highway": "track"
      },
      "geometry": {
        "type": "LineString",
        "coordinates": [
          [
            -89.025267,
            43.815231
          ],
          [
            -89.0250468,
            43.8153418
          ],
          [
            -89.0248357,
            43.815448
          ],
          [
            -89.0245558,
            43.81557
          ],
          [
            -89.024515,
            43.8156668
          ],
          [
            -89.0243926,
            43.8157593
          ],
          [
            -89.0242119,
            43.8158224
          ],
          [
            -89.0238096,
            43.8159192
          ],
          [
            -89.023728,
            43.8159654
          ],
          [
            -89.0236989,
            43.8160411
          ],
          [
            -89.0237105,
            43.8161421
          ],
          [
            -89.023763,
            43.8162094
          ],
          [
            -89.0240807,
            43.8163341
          ]
        ]
      },
      "id": "way/263294165"
    },
    {
      "type": "Feature",
      "properties": {
        "@id": "way/263294166",
        "highway": "track"
      },
      "geometry": {
        "type": "LineString",
        "coordinates": [
          [
            -89.0250468,
            43.8153418
          ],
          [
            -89.0246724,
            43.815284
          ],
          [
            -89.0244509,
            43.8152714
          ],
          [
            -89.0243343,
            43.8152798
          ]
        ]
      },
      "id": "way/263294166"
    },
    {
      "type": "Feature",
      "properties": {
        "@id": "way/263294167",
        "highway": "track"
      },
      "geometry": {
        "type": "LineString",
        "coordinates": [
          [
            -89.023763,
            43.8162094
          ],
          [
            -89.0234657,
            43.8160243
          ]
        ]
      },
      "id": "way/263294167"
    },
    {
      "type": "Feature",
      "properties": {
        "@id": "way/263294168",
        "highway": "track"
      },
      "geometry": {
        "type": "LineString",
        "coordinates": [
          [
            -89.0260052,
            43.8185821
          ],
          [
            -89.0258666,
            43.8182835
          ],
          [
            -89.0257733,
            43.8182751
          ],
          [
            -89.0256392,
            43.8182709
          ]
        ]
      },
      "id": "way/263294168"
    },
    {
      "type": "Feature",
      "properties": {
        "@id": "way/263294169",
        "highway": "track"
      },
      "geometry": {
        "type": "LineString",
        "coordinates": [
          [
            -89.0258666,
            43.8182835
          ],
          [
            -89.0259715,
            43.8181615
          ],
          [
            -89.0260589,
            43.81809
          ],
          [
            -89.0261988,
            43.8180606
          ],
          [
            -89.0263796,
            43.8181068
          ],
          [
            -89.0264379,
            43.8181868
          ],
          [
            -89.026432,
            43.8182793
          ],
          [
            -89.0263329,
            43.818355
          ],
          [
            -89.0262105,
            43.8183845
          ],
          [
            -89.0261289,
            43.8183087
          ],
          [
            -89.0259948,
            43.818233
          ],
          [
            -89.0258666,
            43.8182835
          ]
        ]
      },
      "id": "way/263294169"
    },
    {
      "type": "Feature",
      "properties": {
        "@id": "way/263294170",
        "highway": "track"
      },
      "geometry": {
        "type": "LineString",
        "coordinates": [
          [
            -89.0270256,
            43.8186068
          ],
          [
            -89.0270675,
            43.8185317
          ],
          [
            -89.0273123,
            43.8185022
          ],
          [
            -89.0274581,
            43.8184686
          ],
          [
            -89.027516,
            43.8183905
          ],
          [
            -89.0275455,
            43.8183508
          ],
          [
            -89.0275513,
            43.8181994
          ],
          [
            -89.0274989,
            43.8180479
          ],
          [
            -89.0273823,
            43.817926
          ],
          [
            -89.0272132,
            43.8179344
          ],
          [
            -89.0270616,
            43.8179512
          ],
          [
            -89.027015,
            43.8179891
          ],
          [
            -89.0270325,
            43.8181068
          ],
          [
            -89.0270966,
            43.8183129
          ],
          [
            -89.0271724,
            43.8184181
          ],
          [
            -89.0273123,
            43.8185022
          ],
          [
            -89.0273648,
            43.8185779
          ],
          [
            -89.0273881,
            43.8186705
          ],
          [
            -89.027349,
            43.8187231
          ]
        ]
      },
      "id": "way/263294170"
    },
    {
      "type": "Feature",
      "properties": {
        "@id": "way/263294171",
        "highway": "track"
      },
      "geometry": {
        "type": "LineString",
        "coordinates": [
          [
            -89.027516,
            43.8183905
          ],
          [
            -89.0275805,
            43.8186621
          ],
          [
            -89.0275921,
            43.8187504
          ],
          [
            -89.0276548,
            43.8187903
          ]
        ]
      },
      "id": "way/263294171"
    },
    {
      "type": "Feature",
      "properties": {
        "@id": "way/263299738",
        "highway": "footway"
      },
      "geometry": {
        "type": "LineString",
        "coordinates": [
          [
            -89.012257,
            43.820873
          ],
          [
            -89.0124751,
            43.821003
          ],
          [
            -89.0123446,
            43.8212712
          ],
          [
            -89.0121925,
            43.8216005
          ],
          [
            -89.0120243,
            43.8219644
          ],
          [
            -89.011712,
            43.822284
          ],
          [
            -89.0115952,
            43.8224596
          ],
          [
            -89.0114312,
            43.8227062
          ],
          [
            -89.0112019,
            43.8231941
          ],
          [
            -89.0109923,
            43.8237019
          ],
          [
            -89.0108934,
            43.8241156
          ],
          [
            -89.0109839,
            43.8244681
          ],
          [
            -89.0110709,
            43.8246382
          ],
          [
            -89.0111142,
            43.8248581
          ],
          [
            -89.0109709,
            43.8253327
          ],
          [
            -89.0106387,
            43.8257838
          ],
          [
            -89.0103391,
            43.8262208
          ],
          [
            -89.0103586,
            43.8266109
          ],
          [
            -89.0106517,
            43.8270479
          ],
          [
            -89.0110947,
            43.8276353
          ],
          [
            -89.0115115,
            43.8278091
          ],
          [
            -89.011847,
            43.827914
          ]
        ]
      },
      "id": "way/263299738"
    },
    {
      "type": "Feature",
      "properties": {
        "@id": "way/263299843",
        "highway": "residential",
        "name": "Hillside Road",
        "oneway": "yes",
        "tiger:cfcc": "A41",
        "tiger:county": "Green Lake, WI",
        "tiger:name_base": "Hillside",
        "tiger:name_type": "Rd",
        "tiger:reviewed": "no",
        "tiger:zip_left": "54941",
        "tiger:zip_right": "54941"
      },
      "geometry": {
        "type": "LineString",
        "coordinates": [
          [
            -89.0209505,
            43.8152156
          ],
          [
            -89.021592,
            43.815146
          ],
          [
            -89.021715,
            43.815141
          ],
          [
            -89.021946,
            43.815117
          ],
          [
            -89.022036,
            43.8151
          ],
          [
            -89.022401,
            43.815016
          ],
          [
            -89.02246,
            43.81501
          ],
          [
            -89.023032,
            43.814976
          ],
          [
            -89.0239296,
            43.8150095
          ],
          [
            -89.023997,
            43.815012
          ],
          [
            -89.0242433,
            43.8150191
          ],
          [
            -89.0243852,
            43.8150232
          ],
          [
            -89.024551,
            43.815028
          ],
          [
            -89.025,
            43.815102
          ],
          [
            -89.025125,
            43.815144
          ],
          [
            -89.025267,
            43.815231
          ],
          [
            -89.025353,
            43.815284
          ],
          [
            -89.025408,
            43.815352
          ],
          [
            -89.025502,
            43.81549
          ],
          [
            -89.025646,
            43.815665
          ],
          [
            -89.025752,
            43.815763
          ],
          [
            -89.025811,
            43.815817
          ],
          [
            -89.02619,
            43.816013
          ],
          [
            -89.026294,
            43.816052
          ],
          [
            -89.026564,
            43.816176
          ],
          [
            -89.026628,
            43.816246
          ],
          [
            -89.026621,
            43.816294
          ],
          [
            -89.026598,
            43.816334
          ],
          [
            -89.026557,
            43.816373
          ],
          [
            -89.026512,
            43.816395
          ],
          [
            -89.026456,
            43.816415
          ],
          [
            -89.026024,
            43.816512
          ],
          [
            -89.025929,
            43.816581
          ],
          [
            -89.025903,
            43.816675
          ],
          [
            -89.025912,
            43.816727
          ],
          [
            -89.025934,
            43.816773
          ],
          [
            -89.025988,
            43.816831
          ],
          [
            -89.026107,
            43.8169
          ],
          [
            -89.026281,
            43.816976
          ],
          [
            -89.026507,
            43.817047
          ]
        ]
      },
      "id": "way/263299843"
    },
    {
      "type": "Feature",
      "properties": {
        "@id": "way/263299844",
        "bridge": "yes",
        "highway": "residential",
        "name": "Hillside Road",
        "oneway": "yes",
        "tiger:cfcc": "A41",
        "tiger:county": "Green Lake, WI",
        "tiger:name_base": "Hillside",
        "tiger:name_type": "Rd",
        "tiger:reviewed": "no",
        "tiger:zip_left": "54941",
        "tiger:zip_right": "54941"
      },
      "geometry": {
        "type": "LineString",
        "coordinates": [
          [
            -89.0204205,
            43.8152751
          ],
          [
            -89.0209505,
            43.8152156
          ]
        ]
      },
      "id": "way/263299844"
    },
    {
      "type": "Feature",
      "properties": {
        "@id": "way/263299846",
        "foot": "designated",
        "golf": "path",
        "highway": "path",
        "motor_vehicle": "yes",
        "surface": "paved"
      },
      "geometry": {
        "type": "LineString",
        "coordinates": [
          [
            -89.0106461,
            43.827556
          ],
          [
            -89.0105799,
            43.8275408
          ],
          [
            -89.0104445,
            43.8273857
          ],
          [
            -89.0103805,
            43.8273689
          ],
          [
            -89.0102048,
            43.8273349
          ],
          [
            -89.0100949,
            43.8273128
          ],
          [
            -89.0099915,
            43.8272935
          ],
          [
            -89.0098766,
            43.8272781
          ],
          [
            -89.0097358,
            43.8272549
          ],
          [
            -89.009567,
            43.8272089
          ],
          [
            -89.0094153,
            43.8271154
          ],
          [
            -89.0092174,
            43.8269555
          ],
          [
            -89.009066,
            43.8268489
          ],
          [
            -89.0089478,
            43.8268315
          ],
          [
            -89.0088545,
            43.8268467
          ],
          [
            -89.008763,
            43.826873
          ],
          [
            -89.0086475,
            43.8269084
          ],
          [
            -89.0085056,
            43.8269081
          ],
          [
            -89.0084105,
            43.8269018
          ],
          [
            -89.0083419,
            43.8268993
          ],
          [
            -89.0082423,
            43.8269368
          ],
          [
            -89.0081041,
            43.8269957
          ],
          [
            -89.0077215,
            43.8272068
          ],
          [
            -89.007382,
            43.8274721
          ],
          [
            -89.007105,
            43.8277128
          ],
          [
            -89.0068257,
            43.8279394
          ],
          [
            -89.006756,
            43.8280859
          ],
          [
            -89.0066456,
            43.8282955
          ],
          [
            -89.0065399,
            43.8284115
          ],
          [
            -89.0063911,
            43.8283942
          ],
          [
            -89.0061678,
            43.8284132
          ],
          [
            -89.0060334,
            43.8285258
          ],
          [
            -89.0053948,
            43.8291008
          ],
          [
            -89.0052772,
            43.8292047
          ],
          [
            -89.0052436,
            43.8292913
          ],
          [
            -89.0053468,
            43.8294904
          ],
          [
            -89.0054764,
            43.8296359
          ],
          [
            -89.0055148,
            43.8297242
          ],
          [
            -89.0054788,
            43.8298593
          ],
          [
            -89.0053996,
            43.8299476
          ],
          [
            -89.0052841,
            43.8300512
          ],
          [
            -89.0051449,
            43.8301049
          ],
          [
            -89.0050369,
            43.8301968
          ],
          [
            -89.0048688,
            43.8303719
          ],
          [
            -89.0046818,
            43.8305486
          ],
          [
            -89.0043553,
            43.8307573
          ],
          [
            -89.0041796,
            43.8308623
          ],
          [
            -89.0039592,
            43.8309384
          ],
          [
            -89.0035798,
            43.8310727
          ],
          [
            -89.003016,
            43.8312729
          ],
          [
            -89.0027171,
            43.8313426
          ],
          [
            -89.0024182,
            43.8314183
          ],
          [
            -89.0020084,
            43.8315432
          ],
          [
            -89.0019091,
            43.8315963
          ],
          [
            -89.0018155,
            43.8317487
          ],
          [
            -89.0016522,
            43.8319219
          ],
          [
            -89.0016306,
            43.8320518
          ],
          [
            -89.0016234,
            43.8321435
          ],
          [
            -89.0015881,
            43.8322218
          ],
          [
            -89.001501,
            43.8324154
          ],
          [
            -89.0014794,
            43.8324916
          ],
          [
            -89.0014986,
            43.8326025
          ],
          [
            -89.0015802,
            43.8326821
          ],
          [
            -89.0019307,
            43.8328207
          ],
          [
            -89.0023055,
            43.8329566
          ]
        ]
      },
      "id": "way/263299846"
    },
    {
      "type": "Feature",
      "properties": {
        "@id": "way/263299847",
        "foot": "designated",
        "golf": "path",
        "highway": "path",
        "motor_vehicle": "yes",
        "surface": "paved"
      },
      "geometry": {
        "type": "LineString",
        "coordinates": [
          [
            -89.0109845,
            43.8226202
          ],
          [
            -89.0107385,
            43.8228622
          ],
          [
            -89.010444,
            43.8231062
          ],
          [
            -89.0102735,
            43.8232593
          ],
          [
            -89.0101337,
            43.8234533
          ],
          [
            -89.0099492,
            43.8236791
          ],
          [
            -89.009537,
            43.8239748
          ],
          [
            -89.009374,
            43.8241102
          ],
          [
            -89.0091631,
            43.8243097
          ],
          [
            -89.008935,
            43.8245348
          ],
          [
            -89.0087814,
            43.82476
          ],
          [
            -89.0086805,
            43.8250007
          ],
          [
            -89.0086565,
            43.8251324
          ],
          [
            -89.0086161,
            43.825243
          ],
          [
            -89.0086373,
            43.8253679
          ],
          [
            -89.0085629,
            43.8254857
          ],
          [
            -89.0083897,
            43.8257365
          ],
          [
            -89.0083665,
            43.8258549
          ],
          [
            -89.0084367,
            43.8260059
          ],
          [
            -89.0070409,
            43.8269724
          ],
          [
            -89.0060183,
            43.8267601
          ],
          [
            -89.0051605,
            43.8269189
          ],
          [
            -89.0045533,
            43.827338
          ],
          [
            -89.0042877,
            43.8274101
          ],
          [
            -89.004023,
            43.8274516
          ],
          [
            -89.0037707,
            43.8275139
          ],
          [
            -89.003467,
            43.8277271
          ],
          [
            -89.0032716,
            43.8280983
          ],
          [
            -89.0032298,
            43.8282128
          ],
          [
            -89.0032573,
            43.8283029
          ],
          [
            -89.0035043,
            43.828351
          ],
          [
            -89.0037958,
            43.8283747
          ],
          [
            -89.0042374,
            43.8284591
          ],
          [
            -89.004698,
            43.8286199
          ],
          [
            -89.0048804,
            43.8287891
          ],
          [
            -89.0048869,
            43.8288737
          ],
          [
            -89.0047827,
            43.8289394
          ],
          [
            -89.0046459,
            43.8290804
          ],
          [
            -89.0045954,
            43.8291616
          ],
          [
            -89.0045873,
            43.8295362
          ],
          [
            -89.0045617,
            43.829626
          ],
          [
            -89.0044603,
            43.8296915
          ],
          [
            -89.0041183,
            43.8298369
          ],
          [
            -89.003947,
            43.8300331
          ],
          [
            -89.0036263,
            43.8302516
          ],
          [
            -89.0035139,
            43.8304049
          ],
          [
            -89.0034447,
            43.8304677
          ],
          [
            -89.0033497,
            43.8305276
          ],
          [
            -89.0033041,
            43.8306263
          ],
          [
            -89.0032661,
            43.8307162
          ],
          [
            -89.0031555,
            43.8307749
          ],
          [
            -89.00277,
            43.8308266
          ],
          [
            -89.0024509,
            43.8309035
          ],
          [
            -89.0021926,
            43.8309561
          ],
          [
            -89.0019195,
            43.8309608
          ],
          [
            -89.0017018,
            43.8310116
          ],
          [
            -89.0013501,
            43.8312278
          ],
          [
            -89.0006727,
            43.8315896
          ],
          [
            -89.0001471,
            43.8318193
          ]
        ]
      },
      "id": "way/263299847"
    },
    {
      "type": "Feature",
      "properties": {
        "@id": "way/264249230",
        "golf": "cartpath",
        "golf_cart": "designated",
        "highway": "service",
        "motor_vehicle": "yes",
        "surface": "paved"
      },
      "geometry": {
        "type": "LineString",
        "coordinates": [
          [
            -89.0160417,
            43.826082
          ],
          [
            -89.0160105,
            43.8260442
          ],
          [
            -89.0159964,
            43.8260095
          ],
          [
            -89.0159893,
            43.8259656
          ],
          [
            -89.0159907,
            43.8259064
          ],
          [
            -89.0160049,
            43.8258533
          ],
          [
            -89.0160289,
            43.8258083
          ],
          [
            -89.0160714,
            43.8257573
          ],
          [
            -89.0161196,
            43.8257103
          ],
          [
            -89.0161705,
            43.8256827
          ],
          [
            -89.0162427,
            43.8256521
          ],
          [
            -89.0163234,
            43.8256347
          ],
          [
            -89.0164013,
            43.8256337
          ],
          [
            -89.0164971,
            43.8256305
          ],
          [
            -89.0166835,
            43.8256444
          ],
          [
            -89.0168086,
            43.825639
          ],
          [
            -89.0168763,
            43.8256264
          ],
          [
            -89.0169335,
            43.8256094
          ],
          [
            -89.0170327,
            43.8255698
          ],
          [
            -89.0170833,
            43.8255435
          ],
          [
            -89.0171268,
            43.8255296
          ],
          [
            -89.017196,
            43.8255173
          ],
          [
            -89.0173256,
            43.8255078
          ],
          [
            -89.017461,
            43.825501
          ],
          [
            -89.0176105,
            43.8254938
          ],
          [
            -89.0177286,
            43.8254871
          ],
          [
            -89.017834,
            43.8254822
          ],
          [
            -89.0179296,
            43.8254864
          ],
          [
            -89.0180431,
            43.8254939
          ],
          [
            -89.0181439,
            43.8255054
          ],
          [
            -89.0182732,
            43.8255259
          ],
          [
            -89.0184636,
            43.825569
          ],
          [
            -89.0186509,
            43.8256144
          ],
          [
            -89.0187885,
            43.825644
          ],
          [
            -89.0189145,
            43.8256526
          ],
          [
            -89.0190089,
            43.8256545
          ],
          [
            -89.0191132,
            43.8256445
          ],
          [
            -89.019199,
            43.8256256
          ],
          [
            -89.0192536,
            43.8256037
          ],
          [
            -89.0192762,
            43.825571
          ],
          [
            -89.0193003,
            43.8255031
          ],
          [
            -89.0192973,
            43.825422
          ],
          [
            -89.0192815,
            43.8253906
          ],
          [
            -89.019262,
            43.8253662
          ],
          [
            -89.0191767,
            43.8253282
          ],
          [
            -89.0191088,
            43.8253089
          ],
          [
            -89.019073,
            43.8252986
          ]
        ]
      },
      "id": "way/264249230"
    },
    {
      "type": "Feature",
      "properties": {
        "@id": "way/264249231",
        "foot": "designated",
        "golf": "path",
        "highway": "path",
        "motor_vehicle": "yes",
        "surface": "paved"
      },
      "geometry": {
        "type": "LineString",
        "coordinates": [
          [
            -89.0115604,
            43.8268179
          ],
          [
            -89.0117727,
            43.8264808
          ],
          [
            -89.0119355,
            43.8262459
          ],
          [
            -89.0121479,
            43.8260876
          ],
          [
            -89.0126222,
            43.8258016
          ],
          [
            -89.0128274,
            43.8256944
          ],
          [
            -89.0130185,
            43.8255872
          ],
          [
            -89.013153,
            43.8254288
          ],
          [
            -89.0132663,
            43.8251735
          ],
          [
            -89.0132946,
            43.8249182
          ],
          [
            -89.0133017,
            43.8246373
          ],
          [
            -89.0133866,
            43.8241981
          ],
          [
            -89.0134291,
            43.8240602
          ],
          [
            -89.0136936,
            43.82383
          ],
          [
            -89.0137795,
            43.8237561
          ],
          [
            -89.0138326,
            43.8236466
          ],
          [
            -89.013893,
            43.8236076
          ],
          [
            -89.0140006,
            43.8236041
          ],
          [
            -89.0141168,
            43.8236205
          ],
          [
            -89.0142523,
            43.8235761
          ],
          [
            -89.014328,
            43.8235087
          ],
          [
            -89.0143847,
            43.8233963
          ],
          [
            -89.0143068,
            43.8232329
          ],
          [
            -89.0142077,
            43.8231257
          ],
          [
            -89.0142219,
            43.8230184
          ],
          [
            -89.014328,
            43.8229316
          ],
          [
            -89.0144342,
            43.8228907
          ],
          [
            -89.0145404,
            43.8228141
          ],
          [
            -89.0146537,
            43.8227222
          ],
          [
            -89.0148448,
            43.8224311
          ],
          [
            -89.0149793,
            43.8222371
          ],
          [
            -89.0151987,
            43.8219868
          ],
          [
            -89.0155031,
            43.8215578
          ],
          [
            -89.0155031,
            43.821425
          ],
          [
            -89.0154889,
            43.8213076
          ],
          [
            -89.0155597,
            43.8211544
          ],
          [
            -89.0156588,
            43.8209297
          ],
          [
            -89.0157862,
            43.8207713
          ],
          [
            -89.0158145,
            43.8206539
          ],
          [
            -89.0158004,
            43.8205262
          ],
          [
            -89.0158074,
            43.8204087
          ],
          [
            -89.0157791,
            43.8203219
          ],
          [
            -89.0158853,
            43.8202351
          ],
          [
            -89.016041,
            43.820184
          ]
        ]
      },
      "id": "way/264249231"
    },
    {
      "type": "Feature",
      "properties": {
        "@id": "way/264249232",
        "golf": "cartpath",
        "golf_cart": "designated",
        "highway": "service",
        "motor_vehicle": "yes",
        "surface": "paved"
      },
      "geometry": {
        "type": "LineString",
        "coordinates": [
          [
            -89.008941,
            43.8290399
          ],
          [
            -89.0089627,
            43.8289795
          ],
          [
            -89.0089683,
            43.8289346
          ],
          [
            -89.0089626,
            43.8288862
          ],
          [
            -89.0089617,
            43.8288339
          ],
          [
            -89.0089692,
            43.8287813
          ],
          [
            -89.0089668,
            43.8287338
          ],
          [
            -89.0089522,
            43.8286873
          ],
          [
            -89.0089253,
            43.8286494
          ],
          [
            -89.0088927,
            43.8286146
          ],
          [
            -89.0088518,
            43.828575
          ],
          [
            -89.0088216,
            43.828529
          ],
          [
            -89.0088141,
            43.8284943
          ],
          [
            -89.0088201,
            43.8284321
          ],
          [
            -89.0088419,
            43.8283744
          ],
          [
            -89.0088699,
            43.8283315
          ],
          [
            -89.0089352,
            43.8282855
          ],
          [
            -89.0089783,
            43.8282636
          ],
          [
            -89.0089975,
            43.8282408
          ],
          [
            -89.009004,
            43.8282211
          ],
          [
            -89.0090042,
            43.8281795
          ],
          [
            -89.0089415,
            43.8281102
          ],
          [
            -89.0088591,
            43.8280371
          ],
          [
            -89.0087998,
            43.8279637
          ],
          [
            -89.008746,
            43.8278958
          ]
        ]
      },
      "id": "way/264249232"
    },
    {
      "type": "Feature",
      "properties": {
        "@id": "way/264249234",
        "golf": "cartpath",
        "golf_cart": "designated",
        "highway": "service",
        "motor_vehicle": "yes",
        "surface": "paved"
      },
      "geometry": {
        "type": "LineString",
        "coordinates": [
          [
            -89.008746,
            43.8278958
          ],
          [
            -89.0087285,
            43.8278474
          ],
          [
            -89.0087271,
            43.8277949
          ],
          [
            -89.0087332,
            43.8277477
          ],
          [
            -89.0087476,
            43.8276658
          ],
          [
            -89.0087579,
            43.8275957
          ],
          [
            -89.0087463,
            43.8275614
          ],
          [
            -89.0086992,
            43.8275365
          ],
          [
            -89.0085751,
            43.8275314
          ],
          [
            -89.0084218,
            43.8275543
          ],
          [
            -89.0082909,
            43.8276023
          ],
          [
            -89.0081656,
            43.8276605
          ],
          [
            -89.0081046,
            43.8276936
          ],
          [
            -89.008045,
            43.8277391
          ],
          [
            -89.0079798,
            43.8277996
          ],
          [
            -89.007916,
            43.8278723
          ],
          [
            -89.007857,
            43.8279025
          ],
          [
            -89.0077384,
            43.8279419
          ],
          [
            -89.0076429,
            43.8279964
          ],
          [
            -89.0075869,
            43.8280333
          ],
          [
            -89.0075516,
            43.8280662
          ],
          [
            -89.0074772,
            43.8281344
          ],
          [
            -89.007457,
            43.8281529
          ],
          [
            -89.0074532,
            43.8281728
          ],
          [
            -89.0074594,
            43.8281871
          ],
          [
            -89.0075086,
            43.8282296
          ],
          [
            -89.0075574,
            43.8282855
          ],
          [
            -89.0075778,
            43.8283092
          ],
          [
            -89.0075871,
            43.8283313
          ],
          [
            -89.0075871,
            43.8283473
          ],
          [
            -89.00758,
            43.8283639
          ],
          [
            -89.0075527,
            43.82838
          ],
          [
            -89.0075007,
            43.8284029
          ],
          [
            -89.00747,
            43.8284209
          ],
          [
            -89.0074451,
            43.8284439
          ],
          [
            -89.0074248,
            43.8284713
          ],
          [
            -89.0074073,
            43.8285489
          ],
          [
            -89.0073905,
            43.8286967
          ],
          [
            -89.0073769,
            43.8288517
          ],
          [
            -89.0073813,
            43.828934
          ],
          [
            -89.007416,
            43.829006
          ],
          [
            -89.0075042,
            43.8291198
          ],
          [
            -89.007573,
            43.8291665
          ],
          [
            -89.0076203,
            43.829198
          ],
          [
            -89.0076886,
            43.8292363
          ],
          [
            -89.0077855,
            43.8292842
          ]
        ]
      },
      "id": "way/264249234"
    },
    {
      "type": "Feature",
      "properties": {
        "@id": "way/264249238",
        "highway": "track"
      },
      "geometry": {
        "type": "LineString",
        "coordinates": [
          [
            -89.0231744,
            43.8258222
          ],
          [
            -89.0232354,
            43.824824
          ],
          [
            -89.0232654,
            43.8247062
          ],
          [
            -89.0233084,
            43.8244581
          ],
          [
            -89.0233213,
            43.8243031
          ]
        ]
      },
      "id": "way/264249238"
    },
    {
      "type": "Feature",
      "properties": {
        "@id": "way/264249239",
        "highway": "track"
      },
      "geometry": {
        "type": "LineString",
        "coordinates": [
          [
            -89.0232354,
            43.824824
          ],
          [
            -89.0229732,
            43.8250131
          ],
          [
            -89.0227755,
            43.8251526
          ],
          [
            -89.0226251,
            43.8252208
          ],
          [
            -89.0224275,
            43.8252115
          ],
          [
            -89.0222341,
            43.8251712
          ],
          [
            -89.0221396,
            43.8250875
          ],
          [
            -89.0221095,
            43.824824
          ],
          [
            -89.0223286,
            43.8247589
          ],
          [
            -89.0224747,
            43.8247341
          ],
          [
            -89.0225005,
            43.8246007
          ],
          [
            -89.0225263,
            43.8244767
          ],
          [
            -89.0225908,
            43.8244426
          ],
          [
            -89.0229174,
            43.8244054
          ],
          [
            -89.0232311,
            43.8243372
          ],
          [
            -89.0233213,
            43.8243031
          ],
          [
            -89.0234889,
            43.8241884
          ],
          [
            -89.0236135,
            43.8240458
          ],
          [
            -89.0236392,
            43.8239638
          ]
        ]
      },
      "id": "way/264249239"
    },
    {
      "type": "Feature",
      "properties": {
        "@id": "way/264249240",
        "highway": "residential"
      },
      "geometry": {
        "type": "LineString",
        "coordinates": [
          [
            -89.0118413,
            43.8279788
          ],
          [
            -89.0117403,
            43.828071
          ],
          [
            -89.0116434,
            43.8281301
          ],
          [
            -89.0115149,
            43.8281749
          ],
          [
            -89.0113984,
            43.8282204
          ]
        ]
      },
      "id": "way/264249240"
    },
    {
      "type": "Feature",
      "properties": {
        "@id": "way/264249978",
        "highway": "track"
      },
      "geometry": {
        "type": "LineString",
        "coordinates": [
          [
            -89.0172543,
            43.8178608
          ],
          [
            -89.0173344,
            43.8179026
          ],
          [
            -89.0174592,
            43.8179268
          ],
          [
            -89.0175432,
            43.8179268
          ],
          [
            -89.0176272,
            43.817913
          ],
          [
            -89.0176776,
            43.8178714
          ],
          [
            -89.01768,
            43.817783
          ],
          [
            -89.0176849,
            43.8174539
          ],
          [
            -89.0177065,
            43.8174037
          ],
          [
            -89.0177641,
            43.8173708
          ],
          [
            -89.0178193,
            43.8173483
          ],
          [
            -89.0179369,
            43.8173396
          ],
          [
            -89.0181027,
            43.8173424
          ]
        ]
      },
      "id": "way/264249978"
    },
    {
      "type": "Feature",
      "properties": {
        "@id": "way/273844108",
        "highway": "service",
        "name": "Avenue of The Flags",
        "service": "driveway"
      },
      "geometry": {
        "type": "LineString",
        "coordinates": [
          [
            -89.0180826,
            43.8164154
          ],
          [
            -89.0180746,
            43.8164793
          ],
          [
            -89.0181254,
            43.8166301
          ]
        ]
      },
      "id": "way/273844108"
    },
    {
      "type": "Feature",
      "properties": {
        "@id": "way/273844109",
        "highway": "pedestrian",
        "name": "Avenue of The Flags"
      },
      "geometry": {
        "type": "LineString",
        "coordinates": [
          [
            -89.018009,
            43.8159955
          ],
          [
            -89.0180826,
            43.8164154
          ]
        ]
      },
      "id": "way/273844109"
    },
    {
      "type": "Feature",
      "properties": {
        "@id": "way/273844110",
        "highway": "pedestrian",
        "name": "Avenue of The Flags"
      },
      "geometry": {
        "type": "LineString",
        "coordinates": [
          [
            -89.018009,
            43.8159955
          ],
          [
            -89.0180341,
            43.8159949
          ]
        ]
      },
      "id": "way/273844110"
    },
    {
      "type": "Feature",
      "properties": {
        "@id": "way/273844111",
        "highway": "footway"
      },
      "geometry": {
        "type": "LineString",
        "coordinates": [
          [
            -89.0180341,
            43.8159949
          ],
          [
            -89.0180678,
            43.8159914
          ]
        ]
      },
      "id": "way/273844111"
    },
    {
      "type": "Feature",
      "properties": {
        "@id": "way/273844113",
        "highway": "service",
        "service": "driveway"
      },
      "geometry": {
        "type": "LineString",
        "coordinates": [
          [
            -89.021807,
            43.824002
          ],
          [
            -89.0214507,
            43.8240651
          ],
          [
            -89.0211591,
            43.824097
          ],
          [
            -89.0210663,
            43.8241002
          ],
          [
            -89.0208807,
            43.8240141
          ],
          [
            -89.0204257,
            43.8237272
          ],
          [
            -89.020059,
            43.8235583
          ],
          [
            -89.0199529,
            43.8234563
          ]
        ]
      },
      "id": "way/273844113"
    },
    {
      "type": "Feature",
      "properties": {
        "@id": "way/326175196",
        "highway": "footway"
      },
      "geometry": {
        "type": "LineString",
        "coordinates": [
          [
            -89.0165569,
            43.8161178
          ],
          [
            -89.0167305,
            43.8160444
          ]
        ]
      },
      "id": "way/326175196"
    },
    {
      "type": "Feature",
      "properties": {
        "@id": "way/326176498",
        "highway": "footway"
      },
      "geometry": {
        "type": "LineString",
        "coordinates": [
          [
            -89.0164914,
            43.8161612
          ],
          [
            -89.0165569,
            43.8161515
          ],
          [
            -89.0169844,
            43.8166905
          ]
        ]
      },
      "id": "way/326176498"
    },
    {
      "type": "Feature",
      "properties": {
        "@id": "way/326177092",
        "foot": "designated",
        "golf": "path",
        "highway": "path",
        "surface": "paved"
      },
      "geometry": {
        "type": "LineString",
        "coordinates": [
          [
            -89.0139995,
            43.820838
          ],
          [
            -89.013837,
            43.8209413
          ],
          [
            -89.0137856,
            43.8210041
          ],
          [
            -89.0137737,
            43.8211125
          ],
          [
            -89.0137184,
            43.821201
          ],
          [
            -89.0135997,
            43.8212723
          ],
          [
            -89.0132715,
            43.821395
          ],
          [
            -89.0131252,
            43.821472
          ],
          [
            -89.0130264,
            43.8215319
          ],
          [
            -89.0129117,
            43.821686
          ],
          [
            -89.0127614,
            43.8218201
          ],
          [
            -89.0126507,
            43.8219171
          ],
          [
            -89.0125716,
            43.8219713
          ],
          [
            -89.0124807,
            43.8219827
          ],
          [
            -89.0124332,
            43.8219827
          ]
        ]
      },
      "id": "way/326177092"
    },
    {
      "type": "Feature",
      "properties": {
        "@id": "way/338430577",
        "highway": "residential",
        "name": "Sunset Road",
        "oneway": "yes",
        "tiger:cfcc": "A41",
        "tiger:county": "Green Lake, WI",
        "tiger:name_base": "Sunset",
        "tiger:name_type": "Rd",
        "tiger:reviewed": "no",
        "tiger:zip_left": "54941",
        "tiger:zip_right": "54941"
      },
      "geometry": {
        "type": "LineString",
        "coordinates": [
          [
            -89.0188815,
            43.8185997
          ],
          [
            -89.019009,
            43.818538
          ],
          [
            -89.019124,
            43.818487
          ],
          [
            -89.019301,
            43.818444
          ],
          [
            -89.020181,
            43.818339
          ],
          [
            -89.020625,
            43.818266
          ],
          [
            -89.02085,
            43.818216
          ],
          [
            -89.020906,
            43.818189
          ],
          [
            -89.020996,
            43.81812
          ],
          [
            -89.021269,
            43.817848
          ],
          [
            -89.021737,
            43.817427
          ],
          [
            -89.022164,
            43.817117
          ],
          [
            -89.0224512,
            43.8169306
          ],
          [
            -89.022523,
            43.816884
          ],
          [
            -89.023088,
            43.816605
          ],
          [
            -89.023142,
            43.816585
          ],
          [
            -89.023243,
            43.816536
          ],
          [
            -89.0234037,
            43.816494
          ],
          [
            -89.023794,
            43.816392
          ],
          [
            -89.0240807,
            43.8163341
          ],
          [
            -89.024542,
            43.816241
          ],
          [
            -89.025131,
            43.816072
          ],
          [
            -89.025219,
            43.816032
          ],
          [
            -89.025238,
            43.81602
          ],
          [
            -89.025273,
            43.815999
          ],
          [
            -89.02544,
            43.815877
          ],
          [
            -89.025506,
            43.815846
          ],
          [
            -89.02562,
            43.815813
          ],
          [
            -89.025752,
            43.815763
          ]
        ]
      },
      "id": "way/338430577"
    },
    {
      "type": "Feature",
      "properties": {
        "@id": "way/338430579",
        "highway": "footway"
      },
      "geometry": {
        "type": "LineString",
        "coordinates": [
          [
            -89.021114,
            43.8162637
          ],
          [
            -89.0211829,
            43.8163023
          ],
          [
            -89.0212317,
            43.8163423
          ]
        ]
      },
      "id": "way/338430579"
    },
    {
      "type": "Feature",
      "properties": {
        "@id": "way/338430581",
        "highway": "service",
        "service": "driveway"
      },
      "geometry": {
        "type": "LineString",
        "coordinates": [
          [
            -89.0158574,
            43.8157909
          ],
          [
            -89.0158464,
            43.8158288
          ],
          [
            -89.0158306,
            43.8158516
          ],
          [
            -89.0157535,
            43.8158887
          ],
          [
            -89.0158662,
            43.8160242
          ]
        ]
      },
      "id": "way/338430581"
    },
    {
      "type": "Feature",
      "properties": {
        "@id": "way/339344477",
        "highway": "footway"
      },
      "geometry": {
        "type": "LineString",
        "coordinates": [
          [
            -89.0169852,
            43.8158716
          ],
          [
            -89.0169878,
            43.8158797
          ],
          [
            -89.0169974,
            43.8158883
          ],
          [
            -89.0170082,
            43.815897
          ],
          [
            -89.0170286,
            43.8159013
          ],
          [
            -89.0170598,
            43.8159091
          ],
          [
            -89.0170958,
            43.8159169
          ],
          [
            -89.0171499,
            43.8159265
          ],
          [
            -89.0171919,
            43.8159334
          ],
          [
            -89.0172123,
            43.8159343
          ],
          [
            -89.0172519,
            43.8159325
          ],
          [
            -89.0173023,
            43.815923
          ]
        ]
      },
      "id": "way/339344477"
    },
    {
      "type": "Feature",
      "properties": {
        "@id": "way/339344479",
        "highway": "footway"
      },
      "geometry": {
        "type": "LineString",
        "coordinates": [
          [
            -89.0152636,
            43.8158161
          ],
          [
            -89.0157619,
            43.8163824
          ],
          [
            -89.0158075,
            43.8164412
          ],
          [
            -89.016208,
            43.8162495
          ]
        ]
      },
      "id": "way/339344479"
    },
    {
      "type": "Feature",
      "properties": {
        "@id": "way/406256234",
        "highway": "service",
        "service": "parking_aisle"
      },
      "geometry": {
        "type": "LineString",
        "coordinates": [
          [
            -89.0169182,
            43.8169813
          ],
          [
            -89.0169202,
            43.817071
          ],
          [
            -89.0173842,
            43.8170614
          ],
          [
            -89.0173855,
            43.8168914
          ],
          [
            -89.0169163,
            43.8168983
          ],
          [
            -89.0169182,
            43.8169813
          ]
        ]
      },
      "id": "way/406256234"
    },
    {
      "type": "Feature",
      "properties": {
        "@id": "way/406256788",
        "highway": "service",
        "service": "parking_aisle"
      },
      "geometry": {
        "type": "LineString",
        "coordinates": [
          [
            -89.019416,
            43.8157802
          ],
          [
            -89.0193792,
            43.8157323
          ],
          [
            -89.0193337,
            43.8157251
          ],
          [
            -89.0190233,
            43.8157537
          ],
          [
            -89.0190315,
            43.8158787
          ]
        ]
      },
      "id": "way/406256788"
    },
    {
      "type": "Feature",
      "properties": {
        "@id": "way/406257431",
        "highway": "footway"
      },
      "geometry": {
        "type": "LineString",
        "coordinates": [
          [
            -89.0184937,
            43.8160474
          ],
          [
            -89.0185959,
            43.8160385
          ]
        ]
      },
      "id": "way/406257431"
    },
    {
      "type": "Feature",
      "properties": {
        "@id": "way/406257433",
        "highway": "service",
        "service": "parking_aisle"
      },
      "geometry": {
        "type": "LineString",
        "coordinates": [
          [
            -89.0185502,
            43.8156222
          ],
          [
            -89.0185582,
            43.8156953
          ],
          [
            -89.0185959,
            43.8160385
          ],
          [
            -89.0186209,
            43.8162661
          ],
          [
            -89.0188109,
            43.8162056
          ],
          [
            -89.018786,
            43.8159051
          ],
          [
            -89.0187446,
            43.8156158
          ],
          [
            -89.0185502,
            43.8156222
          ]
        ]
      },
      "id": "way/406257433"
    },
    {
      "type": "Feature",
      "properties": {
        "@id": "way/406257434",
        "highway": "steps"
      },
      "geometry": {
        "type": "LineString",
        "coordinates": [
          [
            -89.0183061,
            43.8156849
          ],
          [
            -89.0183421,
            43.8156388
          ]
        ]
      },
      "id": "way/406257434"
    },
    {
      "type": "Feature",
      "properties": {
        "@id": "way/406257435",
        "highway": "footway"
      },
      "geometry": {
        "type": "LineString",
        "coordinates": [
          [
            -89.0183421,
            43.8156388
          ],
          [
            -89.0183603,
            43.8156215
          ],
          [
            -89.0183829,
            43.8156173
          ],
          [
            -89.0185502,
            43.8156222
          ]
        ]
      },
      "id": "way/406257435"
    },
    {
      "type": "Feature",
      "properties": {
        "@id": "way/410953746",
        "highway": "residential"
      },
      "geometry": {
        "type": "LineString",
        "coordinates": [
          [
            -89.020765,
            43.816342
          ],
          [
            -89.0206653,
            43.8162477
          ],
          [
            -89.0203895,
            43.8160941
          ],
          [
            -89.0201557,
            43.8159606
          ],
          [
            -89.0200859,
            43.8159102
          ],
          [
            -89.0200176,
            43.8158166
          ]
        ]
      },
      "id": "way/410953746"
    },
    {
      "type": "Feature",
      "properties": {
        "@id": "way/410953747",
        "highway": "residential",
        "oneway": "yes"
      },
      "geometry": {
        "type": "LineString",
        "coordinates": [
          [
            -89.0200176,
            43.8158166
          ],
          [
            -89.0199905,
            43.8157242
          ],
          [
            -89.0198202,
            43.8155379
          ],
          [
            -89.019676,
            43.8154408
          ],
          [
            -89.0195829,
            43.8153847
          ],
          [
            -89.0194969,
            43.8153436
          ]
        ]
      },
      "id": "way/410953747"
    },
    {
      "type": "Feature",
      "properties": {
        "@id": "way/410953748",
        "highway": "residential"
      },
      "geometry": {
        "type": "LineString",
        "coordinates": [
          [
            -89.0200859,
            43.8159102
          ],
          [
            -89.020023,
            43.8160588
          ],
          [
            -89.0198974,
            43.8162956
          ],
          [
            -89.0198485,
            43.8164013
          ],
          [
            -89.019818,
            43.8164806
          ]
        ]
      },
      "id": "way/410953748"
    },
    {
      "type": "Feature",
      "properties": {
        "@id": "way/410953749",
        "highway": "service",
        "service": "driveway"
      },
      "geometry": {
        "type": "LineString",
        "coordinates": [
          [
            -89.0197159,
            43.8148675
          ],
          [
            -89.0195134,
            43.8149733
          ],
          [
            -89.0193935,
            43.8150582
          ],
          [
            -89.0193284,
            43.8151042
          ],
          [
            -89.0191853,
            43.8152402
          ],
          [
            -89.0191399,
            43.8153083
          ],
          [
            -89.0191255,
            43.8153533
          ]
        ]
      },
      "id": "way/410953749"
    },
    {
      "type": "Feature",
      "properties": {
        "@id": "way/410953750",
        "highway": "service",
        "service": "driveway"
      },
      "geometry": {
        "type": "LineString",
        "coordinates": [
          [
            -89.0193935,
            43.8150582
          ],
          [
            -89.0192656,
            43.8150186
          ],
          [
            -89.0191574,
            43.8150161
          ],
          [
            -89.0190457,
            43.8150388
          ],
          [
            -89.0188537,
            43.8150992
          ],
          [
            -89.0187206,
            43.8151394
          ],
          [
            -89.0185431,
            43.8151647
          ],
          [
            -89.0182848,
            43.8151874
          ],
          [
            -89.0180404,
            43.8152176
          ],
          [
            -89.0179458,
            43.8152445
          ]
        ]
      },
      "id": "way/410953750"
    },
    {
      "type": "Feature",
      "properties": {
        "@id": "way/410953751",
        "highway": "footway",
        "name": "Winnebago Trail"
      },
      "geometry": {
        "type": "LineString",
        "coordinates": [
          [
            -89.025502,
            43.81549
          ],
          [
            -89.0256355,
            43.8154531
          ],
          [
            -89.0257792,
            43.8154033
          ],
          [
            -89.0260782,
            43.8153245
          ],
          [
            -89.0262679,
            43.815283
          ],
          [
            -89.0263656,
            43.8151917
          ],
          [
            -89.0263771,
            43.8150839
          ],
          [
            -89.0263369,
            43.8149718
          ],
          [
            -89.0261299,
            43.8148142
          ],
          [
            -89.0258884,
            43.8146856
          ],
          [
            -89.0256469,
            43.8146151
          ],
          [
            -89.0253365,
            43.8145362
          ],
          [
            -89.0247443,
            43.8144947
          ],
          [
            -89.0238934,
            43.8145113
          ],
          [
            -89.0229601,
            43.8145553
          ],
          [
            -89.0226605,
            43.8145647
          ],
          [
            -89.0217095,
            43.8145647
          ],
          [
            -89.0214084,
            43.8145845
          ],
          [
            -89.0211709,
            43.814627
          ],
          [
            -89.0210242,
            43.8146947
          ],
          [
            -89.0209403,
            43.8147511
          ],
          [
            -89.0208669,
            43.8148403
          ],
          [
            -89.0208077,
            43.8149639
          ],
          [
            -89.0207415,
            43.8151908
          ],
          [
            -89.0206859,
            43.8153222
          ],
          [
            -89.0206183,
            43.8154494
          ],
          [
            -89.0205332,
            43.8155135
          ],
          [
            -89.0204288,
            43.8155538
          ],
          [
            -89.0203208,
            43.8155739
          ],
          [
            -89.0201116,
            43.8155738
          ],
          [
            -89.0198202,
            43.8155379
          ]
        ]
      },
      "id": "way/410953751"
    },
    {
      "type": "Feature",
      "properties": {
        "@id": "way/410954124",
        "highway": "footway"
      },
      "geometry": {
        "type": "LineString",
        "coordinates": [
          [
            -89.0174799,
            43.8172216
          ],
          [
            -89.0174288,
            43.8172213
          ],
          [
            -89.0168503,
            43.8172335
          ],
          [
            -89.0168185,
            43.8172274
          ],
          [
            -89.0167634,
            43.8171953
          ],
          [
            -89.0166935,
            43.8171402
          ],
          [
            -89.016628,
            43.8170604
          ]
        ]
      },
      "id": "way/410954124"
    },
    {
      "type": "Feature",
      "properties": {
        "@id": "way/410954125",
        "highway": "track"
      },
      "geometry": {
        "type": "LineString",
        "coordinates": [
          [
            -89.017117,
            43.820219
          ],
          [
            -89.0170812,
            43.8202008
          ],
          [
            -89.0170637,
            43.8201656
          ],
          [
            -89.0170672,
            43.8201278
          ],
          [
            -89.0170777,
            43.8200976
          ],
          [
            -89.0171231,
            43.8200623
          ],
          [
            -89.0172348,
            43.8199716
          ],
          [
            -89.0173116,
            43.8198382
          ],
          [
            -89.0173465,
            43.8197727
          ],
          [
            -89.0173604,
            43.8197173
          ],
          [
            -89.0173465,
            43.8196795
          ],
          [
            -89.0172906,
            43.8196568
          ],
          [
            -89.0171929,
            43.8196719
          ],
          [
            -89.0169765,
            43.8197122
          ],
          [
            -89.0166623,
            43.81975
          ],
          [
            -89.0165541,
            43.8197752
          ]
        ]
      },
      "id": "way/410954125"
    },
    {
      "type": "Feature",
      "properties": {
        "@id": "way/818494089",
        "highway": "service",
        "service": "driveway"
      },
      "geometry": {
        "type": "LineString",
        "coordinates": [
          [
            -89.0087149,
            43.8227531
          ],
          [
            -89.0086171,
            43.8225325
          ],
          [
            -89.0083797,
            43.8221814
          ]
        ]
      },
      "id": "way/818494089"
    },
    {
      "type": "Feature",
      "properties": {
        "@id": "way/826298124",
        "foot": "designated",
        "golf": "path",
        "highway": "path"
      },
      "geometry": {
        "type": "LineString",
        "coordinates": [
          [
            -89.0158342,
            43.8245781
          ],
          [
            -89.0157988,
            43.8246445
          ],
          [
            -89.0156989,
            43.8247316
          ],
          [
            -89.0156411,
            43.8247699
          ],
          [
            -89.0155896,
            43.8248037
          ],
          [
            -89.015544,
            43.8248337
          ],
          [
            -89.0155304,
            43.8248564
          ],
          [
            -89.0155177,
            43.8248813
          ],
          [
            -89.0155187,
            43.824912
          ],
          [
            -89.0155247,
            43.8249585
          ],
          [
            -89.0155785,
            43.8250548
          ],
          [
            -89.0156062,
            43.8251408
          ],
          [
            -89.0156172,
            43.8252218
          ],
          [
            -89.0156141,
            43.8253134
          ]
        ]
      },
      "id": "way/826298124"
    },
    {
      "type": "Feature",
      "properties": {
        "@id": "way/826307907",
        "golf": "cartpath",
        "golf_cart": "designated",
        "highway": "service",
        "motor_vehicle": "yes",
        "surface": "paved"
      },
      "geometry": {
        "type": "LineString",
        "coordinates": [
          [
            -89.0094117,
            43.8279075
          ],
          [
            -89.0093623,
            43.8279464
          ],
          [
            -89.0093318,
            43.8279826
          ],
          [
            -89.0093262,
            43.8280314
          ],
          [
            -89.0093437,
            43.8280926
          ],
          [
            -89.0094026,
            43.828241
          ],
          [
            -89.0094548,
            43.8283455
          ],
          [
            -89.009522,
            43.82844
          ],
          [
            -89.0095844,
            43.8284985
          ],
          [
            -89.0096329,
            43.8285402
          ],
          [
            -89.0096851,
            43.8285944
          ],
          [
            -89.009721,
            43.8286368
          ],
          [
            -89.0097461,
            43.8286796
          ],
          [
            -89.009765,
            43.82872
          ],
          [
            -89.0097933,
            43.8288059
          ],
          [
            -89.0098098,
            43.8288781
          ],
          [
            -89.0098216,
            43.8289503
          ],
          [
            -89.0098475,
            43.8290375
          ],
          [
            -89.0098993,
            43.8291048
          ],
          [
            -89.0099493,
            43.8291598
          ],
          [
            -89.0100084,
            43.8292414
          ],
          [
            -89.0100473,
            43.8293031
          ],
          [
            -89.0101684,
            43.8295647
          ]
        ]
      },
      "id": "way/826307907"
    },
    {
      "type": "Feature",
      "properties": {
        "@id": "way/913710152",
        "foot": "designated",
        "golf": "path",
        "highway": "path"
      },
      "geometry": {
        "type": "LineString",
        "coordinates": [
          [
            -89.016041,
            43.820184
          ],
          [
            -89.0160068,
            43.8201204
          ],
          [
            -89.0158761,
            43.8200659
          ],
          [
            -89.0157425,
            43.8200366
          ],
          [
            -89.0155217,
            43.820045
          ],
          [
            -89.0152777,
            43.8201121
          ],
          [
            -89.0142552,
            43.8208309
          ],
          [
            -89.0141855,
            43.8208791
          ],
          [
            -89.0141245,
            43.8208666
          ],
          [
            -89.0140867,
            43.8208372
          ],
          [
            -89.0139995,
            43.820838
          ]
        ]
      },
      "id": "way/913710152"
    },
    {
      "type": "Feature",
      "properties": {
        "@id": "way/913710153",
        "foot": "designated",
        "golf": "path",
        "highway": "path"
      },
      "geometry": {
        "type": "LineString",
        "coordinates": [
          [
            -89.0120048,
            43.8275978
          ],
          [
            -89.0114884,
            43.827356
          ],
          [
            -89.0113282,
            43.8272453
          ],
          [
            -89.0113149,
            43.827096
          ],
          [
            -89.011375,
            43.8269805
          ],
          [
            -89.0115604,
            43.8268179
          ]
        ]
      },
      "id": "way/913710153"
    },
    {
      "type": "Feature",
      "properties": {
        "@id": "way/913710155",
        "foot": "designated",
        "golf": "path",
        "highway": "path"
      },
      "geometry": {
        "type": "LineString",
        "coordinates": [
          [
            -89.0124332,
            43.8219827
          ],
          [
            -89.0121129,
            43.8219555
          ],
          [
            -89.0117087,
            43.8223967
          ],
          [
            -89.0115952,
            43.8224596
          ],
          [
            -89.0115085,
            43.8225077
          ],
          [
            -89.0109845,
            43.8226202
          ]
        ]
      },
      "id": "way/913710155"
    },
    {
      "type": "Feature",
      "properties": {
        "@id": "way/960638198",
        "highway": "service",
        "service": "driveway"
      },
      "geometry": {
        "type": "LineString",
        "coordinates": [
          [
            -89.0083016,
            43.8229733
          ],
          [
            -89.0082174,
            43.8227621
          ],
          [
            -89.0080254,
            43.8225709
          ]
        ]
      },
      "id": "way/960638198"
    },
    {
      "type": "Feature",
      "properties": {
        "@id": "way/972826045",
        "highway": "service",
        "service": "driveway"
      },
      "geometry": {
        "type": "LineString",
        "coordinates": [
          [
            -89.010587,
            43.822388
          ],
          [
            -89.0104888,
            43.8220937
          ],
          [
            -89.0103614,
            43.8218179
          ]
        ]
      },
      "id": "way/972826045"
    }
  ]
}